-- phpMyAdmin SQL Dump
-- version 4.1.12
-- http://www.phpmyadmin.net
--
-- Host: 127.0.0.1
-- Generation Time: Oct 11, 2020 at 12:44 PM
-- Server version: 5.6.16
-- PHP Version: 5.5.11

SET SQL_MODE = "NO_AUTO_VALUE_ON_ZERO";
SET time_zone = "+00:00";


/*!40101 SET @OLD_CHARACTER_SET_CLIENT=@@CHARACTER_SET_CLIENT */;
/*!40101 SET @OLD_CHARACTER_SET_RESULTS=@@CHARACTER_SET_RESULTS */;
/*!40101 SET @OLD_COLLATION_CONNECTION=@@COLLATION_CONNECTION */;
/*!40101 SET NAMES utf8 */;

--
-- Database: `mmsl_sms`
--

-- --------------------------------------------------------

--
-- Table structure for table `credit_info`
--

CREATE TABLE IF NOT EXISTS `credit_info` (
  `t_crdt` int(30) NOT NULL,
  `last_credit_update_date` varchar(20) NOT NULL
) ENGINE=InnoDB DEFAULT CHARSET=utf8;

--
-- Dumping data for table `credit_info`
--

INSERT INTO `credit_info` (`t_crdt`, `last_credit_update_date`) VALUES
(-25921, '11-11-02 06:11:14');

-- --------------------------------------------------------

--
-- Table structure for table `grp_info`
--

CREATE TABLE IF NOT EXISTS `grp_info` (
  `grp_id` varchar(20) NOT NULL,
  `grp_creator` varchar(20) NOT NULL
) ENGINE=InnoDB DEFAULT CHARSET=utf8;

--
-- Dumping data for table `grp_info`
--

INSERT INTO `grp_info` (`grp_id`, `grp_creator`) VALUES
('easia2011_em sub', 'easia2011'),
('easia2011_easia sec', 'easia2011'),
('easia2011_semi sub', 'easia2011'),
('easia2011_com sub', 'easia2011'),
('easia2011_Inagu sub', 'easia2011'),
('easia2011_welc sub', 'easia2011'),
('easia2011_Org PM1', 'easia2011'),
('admin_smss', 'admin'),
('admin_np com.', 'admin'),
('admin_jrnl bsl', 'admin'),
('easia2011_spon_sub', 'easia2011'),
('admin_DJ', 'admin'),
('admin_DJ nw', 'admin'),
('admin_DJ 200', 'admin'),
('admin_DJ 47', 'admin'),
('imdad_C7', 'imdad'),
('easia2011_EOI', 'easia2011'),
('mrmamun_d2kpsd', 'mrmamun'),
('AAMAMUN_cy', 'AAMAMUN'),
('easia2011_media', 'easia2011');

-- --------------------------------------------------------

--
-- Table structure for table `grp_tbl`
--

CREATE TABLE IF NOT EXISTS `grp_tbl` (
  `grp_id` varchar(20) NOT NULL,
  `mob_num` varchar(15) NOT NULL
) ENGINE=InnoDB DEFAULT CHARSET=utf8;

--
-- Dumping data for table `grp_tbl`
--

INSERT INTO `grp_tbl` (`grp_id`, `mob_num`) VALUES
('easia2011_em sub', '8801819182157'),
('easia2011_em sub', '8801711612377'),
('easia2011_em sub', '8801713067590'),
('easia2011_em sub', '8801711568751'),
('easia2011_em sub', '8801713043649'),
('easia2011_em sub', '8801912141414'),
('easia2011_em sub', '8801712588064'),
('easia2011_em sub', '8801675298300'),
('easia2011_em sub', '8801717064053'),
('easia2011_em sub', '8801713249541'),
('easia2011_em sub', '8801714169600'),
('easia2011_em sub', '8801552581940'),
('easia2011_em sub', '8801720022112'),
('easia2011_em sub', '8801819200559'),
('easia2011_em sub', '8801196269116'),
('easia2011_em sub', '8801713032634'),
('easia2011_em sub', '8801971122226'),
('easia2011_easia sec', '8801711549974'),
('easia2011_easia sec', '8801819245982'),
('easia2011_easia sec', '8801713067590'),
('easia2011_easia sec', '8801711612377'),
('easia2011_easia sec', '8801819182157'),
('easia2011_easia sec', '8801675298300'),
('easia2011_easia sec', '8801713684742'),
('easia2011_semi sub', '8801711566492'),
('easia2011_semi sub', '8801552368791'),
('easia2011_semi sub', '8801713249750'),
('easia2011_semi sub', '8801715153793'),
('easia2011_semi sub', '8801552345133'),
('easia2011_semi sub', '8801819182157'),
('easia2011_semi sub', '8801713067590'),
('easia2011_semi sub', '8801911320311'),
('easia2011_semi sub', '8801711563977'),
('easia2011_semi sub', '8801819211484'),
('easia2011_semi sub', '8801711568751'),
('easia2011_semi sub', '8801712198039'),
('easia2011_semi sub', '8801713190007'),
('easia2011_semi sub', '8801730013700'),
('easia2011_semi sub', '8801711526230'),
('easia2011_easia sec', '8801755543110'),
('easia2011_com sub', '8801719984741'),
('easia2011_com sub', '8801713037403'),
('easia2011_com sub', '8801711200327'),
('easia2011_com sub', '8801911232356'),
('easia2011_com sub', '8801713044994'),
('easia2011_com sub', '8801717341344'),
('easia2011_com sub', '8801711699935'),
('easia2011_com sub', '8801711527523'),
('easia2011_com sub', '8801711549974'),
('easia2011_com sub', '8801819245982'),
('easia2011_com sub', '8801713067590'),
('easia2011_com sub', '8801711612377'),
('easia2011_com sub', '8801819182157'),
('easia2011_com sub', '8801713037302'),
('easia2011_Inagu sub', '8801819245084'),
('easia2011_Inagu sub', '8801711525711'),
('easia2011_Inagu sub', '8801715023142'),
('easia2011_Inagu sub', '8801841225555'),
('easia2011_Inagu sub', '8801911320311'),
('easia2011_Inagu sub', '8801833310173'),
('easia2011_Inagu sub', '8801711527523'),
('easia2011_Inagu sub', '8801713067590'),
('easia2011_Inagu sub', '8801755543110'),
('easia2011_Inagu sub', '8801819182157'),
('easia2011_welc sub', '8801711200327'),
('easia2011_welc sub', '8801552202705'),
('easia2011_welc sub', '8801711549974'),
('easia2011_welc sub', '8801714169600'),
('easia2011_welc sub', '8801711530452'),
('easia2011_welc sub', '8801713002220'),
('easia2011_welc sub', '8801911320311'),
('easia2011_welc sub', '8801199800011'),
('easia2011_welc sub', '8801713067590'),
('easia2011_welc sub', '8801711612377'),
('easia2011_welc sub', '8801819182157'),
('easia2011_welc sub', '8801755543110'),
('easia2011_com sub', '8801556350235'),
('easia2011_com sub', '8801711784478'),
('easia2011_com sub', '8801713032634'),
('easia2011_com sub', '8801712588064'),
('easia2011_com sub', '8801711935995'),
('easia2011_semi sub', '8801911310644'),
('easia2011_Inagu sub', '8801711537618'),
('easia2011_Inagu sub', '8801711566738'),
('easia2011_Inagu sub', '8801819200559'),
('easia2011_Inagu sub', '8801819211484'),
('', '8801713048584'),
('easia2011_Org PM1', '8801550150622'),
('easia2011_Org PM1', '8801713048633'),
('easia2011_Org PM1', '8801713044114'),
('easia2011_Org PM1', '8801714111572'),
('easia2011_Org PM1', '8801713046712'),
('easia2011_Org PM1', '8801713041438'),
('easia2011_Org PM1', '8801713403565'),
('easia2011_Org PM1', '8801552108500'),
('easia2011_Org PM1', '8801713069702'),
('easia2011_Org PM1', '8801716013716'),
('easia2011_Org PM1', '8801713204947'),
('easia2011_Org PM1', '8801713073974'),
('easia2011_Org PM1', '8801841225555'),
('easia2011_Org PM1', '8801715013243'),
('easia2011_Org PM1', '8801711339436'),
('easia2011_Org PM1', '8801711530452'),
('easia2011_Org PM1', '8801711527523'),
('easia2011_Org PM1', '8801714169600'),
('easia2011_Org PM1', '8801711521696'),
('easia2011_Org PM1', '8801199800011'),
('easia2011_Org PM1', '8801911320311'),
('easia2011_Org PM1', '8801711200327'),
('easia2011_Org PM1', '8801713067590'),
('easia2011_Org PM1', '8801819182157'),
('easia2011_Org PM1', '8801755543110'),
('easia2011_Org PM1', '8801711612377'),
('easia2011_Org PM1', '8801711549974'),
('easia2011_Org PM1', '8801819245982'),
('easia2011_Org PM1', '8801713005657'),
('admin_smss', '8801939099134'),
('admin_smss', '8801811444681'),
('admin_smss', '8801675740381'),
('admin_smss', '8801819222220'),
('admin_smss', '8801716477038'),
('admin_smss', '8801712259696'),
('admin_smss', '8801715405090'),
('admin_smss', '8801713443330'),
('admin_smss', '8801741791609'),
('admin_smss', '8801716613751'),
('admin_smss', '8801711935995'),
('admin_smss', '8801672442290'),
('admin_smss', '8801911495225'),
('admin_smss', '8801676471618'),
('admin_smss', '8801819210643'),
('admin_smss', '8801819221957'),
('admin_smss', '8801715015893'),
('admin_smss', '8801712821848'),
('admin_smss', '8801713043654'),
('admin_smss', '8801811444687'),
('admin_smss', '8801811444684'),
('admin_smss', '8801911485262'),
('admin_smss', '8801920705270'),
('admin_smss', '8801717002517'),
('admin_smss', '8801811472525'),
('admin_smss', '8801717207140'),
('admin_smss', '8801918123213'),
('admin_smss', '8801675571434'),
('admin_smss', '8801678102081'),
('admin_smss', '8801675109649'),
('admin_smss', '8801713067655'),
('admin_smss', '8801676588414'),
('admin_smss', '8801817182135'),
('admin_smss', '8801711082725'),
('admin_smss', '8801811448009'),
('admin_smss', '8801811444689'),
('admin_smss', '8801720124949'),
('admin_smss', '8801711200327'),
('admin_smss', '8801713129549'),
('admin_smss', '8801817035868'),
('admin_smss', '8801675502328'),
('admin_smss', '8801612754752'),
('admin_smss', '88011990717387'),
('admin_smss', '8801713230461'),
('admin_smss', '8801911354633'),
('admin_smss', '8801552370067'),
('admin_smss', '8801911939408'),
('admin_smss', '8801913464392'),
('admin_smss', '8801711566605'),
('admin_smss', '8801919966825'),
('admin_smss', '8801672624516'),
('admin_smss', '8801713214709'),
('admin_smss', '8801924702285'),
('admin_smss', '8801746997928'),
('admin_smss', '8801680232234'),
('admin_smss', '8801713386064'),
('admin_smss', '8801716643726'),
('admin_smss', '8801716101342'),
('admin_smss', '8801670970007'),
('admin_smss', '8801711617011'),
('admin_smss', '8801819266669'),
('admin_smss', '8801729076992'),
('admin_smss', '8801711218782'),
('admin_smss', '8801611052927'),
('admin_smss', '8801816161514'),
('admin_smss', '8801976672252'),
('admin_smss', '8801713234445'),
('admin_smss', '8801711081047'),
('admin_smss', '8801911748011'),
('admin_smss', '8801916951390'),
('admin_smss', '8801711671066'),
('admin_smss', '8801814655948'),
('admin_smss', '8801713009235'),
('admin_smss', '8801613242266'),
('admin_smss', '8801971122226'),
('admin_smss', '8801675252404'),
('admin_smss', '8801552460774'),
('admin_smss', '8801611585268'),
('admin_smss', '8801711000537'),
('admin_smss', '8801928402114'),
('admin_smss', '8801718050023'),
('admin_smss', '8801711661248'),
('admin_smss', '8801911888272'),
('admin_smss', '8801715936754'),
('admin_smss', '8801816929324'),
('admin_smss', '8801678144447'),
('admin_smss', '8801819284939'),
('admin_smss', '8801673651207'),
('admin_smss', '8801674995333'),
('admin_smss', '8801914565396'),
('admin_smss', '8801675867381'),
('admin_smss', '8801923622943'),
('admin_smss', '8801670876894'),
('admin_smss', '8801819182157'),
('admin_smss', '8801713311351'),
('admin_smss', '8801922448888'),
('admin_np com.', '8801678000266'),
('admin_np com.', '8801912003484'),
('admin_np com.', '8801730317750'),
('admin_np com.', '8801722439856'),
('admin_np com.', '8801813302771'),
('admin_np com.', '8801712261177'),
('admin_np com.', '8801730340608'),
('admin_np com.', '8801717647592'),
('admin_np com.', '8801720427292'),
('admin_np com.', '8801730024288'),
('admin_np com.', '8801611000672'),
('admin_np com.', '8801730021035'),
('admin_np com.', '8801811483424'),
('admin_np com.', '8801671388444'),
('admin_np com.', '8801916119684'),
('admin_np com.', '8801719346438'),
('admin_np com.', '8801671636696'),
('admin_np com.', '8801713129549'),
('admin_np com.', '8801711113975'),
('admin_np com.', '8801617182157'),
('admin_np com.', '8801670160722'),
('admin_jrnl bsl', '8801912582261'),
('admin_jrnl bsl', '8801715135338'),
('admin_jrnl bsl', '8801722542719'),
('admin_jrnl bsl', '8801717580095'),
('admin_jrnl bsl', '8801716093773'),
('admin_jrnl bsl', '8801739558820'),
('admin_jrnl bsl', '8801717872074'),
('admin_jrnl bsl', '8801721333725'),
('admin_jrnl bsl', '8801718670978'),
('admin_jrnl bsl', '8801716918211'),
('admin_jrnl bsl', '8801712615855'),
('admin_jrnl bsl', '8801735093824'),
('admin_jrnl bsl', '8801716153512'),
('admin_jrnl bsl', '8801712614605'),
('admin_jrnl bsl', '8801720554264'),
('admin_jrnl bsl', '8801713424140'),
('admin_jrnl bsl', '8801612001110'),
('easia2011_spon_sub', '8801714169600'),
('easia2011_spon_sub', '8801711521964'),
('easia2011_spon_sub', '8801911320311'),
('easia2011_spon_sub', '8801713067590'),
('easia2011_spon_sub', '8801711549974'),
('easia2011_spon_sub', '8801819245082'),
('easia2011_spon_sub', '8801911310644'),
('easia2011_spon_sub', '8801730355555'),
('easia2011_spon_sub', '8801711530452'),
('easia2011_spon_sub', '8801552202707'),
('easia2011_spon_sub', '8801711200327'),
('easia2011_spon_sub', '8801711527523'),
('easia2011_spon_sub', '8801819182157'),
('easia2011_spon_sub', '8801711612377'),
('easia2011_semi sub', '8801913071907'),
('easia2011_easia sec', '8801923622943'),
('admin_DJ', '8801199809580'),
('admin_DJ', '8801199888760'),
('admin_DJ', '8801550600482'),
('admin_DJ', '8801615771203'),
('admin_DJ', '8801670283529'),
('admin_DJ', '8801671727372'),
('admin_DJ', '8801671971091'),
('admin_DJ', '8801672991476'),
('admin_DJ', '8801673288758'),
('admin_DJ', '8801673302456'),
('admin_DJ', '8801673603380'),
('admin_DJ', '8801673990420'),
('admin_DJ', '8801674493092'),
('admin_DJ', '8801674707371'),
('admin_DJ', '8801674837401'),
('admin_DJ', '8801676064146'),
('admin_DJ', '8801676580915'),
('admin_DJ', '8801676580915'),
('admin_DJ', '8801678147197'),
('admin_DJ', '8801678147227'),
('admin_DJ', '8801710486676'),
('admin_DJ', '8801710925097'),
('admin_DJ', '8801711080261'),
('admin_DJ', '8801711082020'),
('admin_DJ', '8801711186490'),
('admin_DJ', '8801711304848'),
('admin_DJ', '8801711422438'),
('admin_DJ', '8801711500254'),
('admin_DJ', '8801711504421'),
('admin_DJ', '8801711507417'),
('admin_DJ', '8801711666692'),
('admin_DJ', '8801711685464'),
('admin_DJ', '8801711708539'),
('admin_DJ', '8801712106358'),
('admin_DJ', '8801712505034'),
('admin_DJ', '8801712609056'),
('admin_DJ', '8801712900107'),
('admin_DJ', '8801713016248'),
('admin_DJ', '8801713117793'),
('admin_DJ', '8801713385285'),
('admin_DJ', '8801713431082'),
('admin_DJ', '8801714220744'),
('admin_DJ', '8801714494740'),
('admin_DJ', '8801715011210'),
('admin_DJ', '8801715432522'),
('admin_DJ', '8801715885533'),
('admin_DJ', '8801715915388'),
('admin_DJ', '8801716196416'),
('admin_DJ', '8801716223737'),
('admin_DJ', '8801716474717'),
('admin_DJ', '8801716493348'),
('admin_DJ', '8801716617137'),
('admin_DJ', '8801716777484'),
('admin_DJ', '8801717699134'),
('admin_DJ', '8801717703893'),
('admin_DJ', '8801717857725'),
('admin_DJ', '8801717890892'),
('admin_DJ', '8801717956597'),
('admin_DJ', '8801717966503'),
('admin_DJ', '8801718000622'),
('admin_DJ', '8801718333156'),
('admin_DJ', '8801720120640'),
('admin_DJ', '8801720538181'),
('admin_DJ', '8801720970996'),
('admin_DJ', '8801722531673'),
('admin_DJ', '8801726058190'),
('admin_DJ', '8801726210641'),
('admin_DJ', '8801726904598'),
('admin_DJ', '8801727208674'),
('admin_DJ', '8801727420248'),
('admin_DJ', '8801728887766'),
('admin_DJ', '8801729959143'),
('admin_DJ', '8801730010227'),
('admin_DJ', '8801730356771'),
('admin_DJ', '8801732234998'),
('admin_DJ', '8801733663623'),
('admin_DJ', '8801813300619'),
('admin_DJ', '8801816422662'),
('admin_DJ', '8801817096488'),
('admin_DJ', '8801817533811'),
('admin_DJ', '8801818242666'),
('admin_DJ', '8801818374543'),
('admin_DJ', '8801818887940'),
('admin_DJ', '8801819182016'),
('admin_DJ', '8801819285964'),
('admin_DJ', '8801819457669'),
('admin_DJ', '8801819497719'),
('admin_DJ', '8801820531689'),
('admin_DJ', '8801824580805'),
('admin_DJ', '8801829182069'),
('admin_DJ', '8801911120504'),
('admin_DJ', '8801911146206'),
('admin_DJ', '8801911954461'),
('admin_DJ', '8801912012629'),
('admin_DJ', '8801912531585'),
('admin_DJ', '8801912671934'),
('admin_DJ', '8801913486178'),
('admin_DJ', '8801914424796'),
('admin_DJ', '8801914558898'),
('admin_DJ', '8801915633489'),
('admin_DJ', '8801916815566'),
('admin_DJ', '8801917505088'),
('admin_DJ', '8801918099525'),
('admin_DJ', '8801920340678'),
('admin_DJ', '8801920455664'),
('admin_DJ', '8801922301636'),
('admin_DJ', '8801923824448'),
('admin_DJ', '8801926101138'),
('admin_DJ', '8801926197288'),
('admin_DJ', '8801934900400'),
('admin_DJ', '8801937116612'),
('admin_DJ', '8801977776777'),
('admin_DJ', '8801978080603'),
('admin_DJ', '8801715730400'),
('admin_DJ', '8801715734071'),
('admin_DJ', '8801715766471'),
('admin_DJ', '8801715800828'),
('admin_DJ', '8801715840145'),
('admin_DJ', '8801715862526'),
('admin_DJ', '8801715877059'),
('admin_DJ', '8801715941817'),
('admin_DJ', '8801715959911'),
('admin_DJ', '8801715966670'),
('admin_DJ', '8801715972922'),
('admin_DJ', '8801715982234'),
('admin_DJ', '8801716004935'),
('admin_DJ', '8801716007965'),
('admin_DJ', '8801716053637'),
('admin_DJ', '8801716068960'),
('admin_DJ', '8801716078804'),
('admin_DJ', '8801716101870'),
('admin_DJ', '8801716104105'),
('admin_DJ', '8801716106581'),
('admin_DJ', '8801716118359'),
('admin_DJ', '8801716138430'),
('admin_DJ', '8801716160695'),
('admin_DJ', '8801716160731'),
('admin_DJ', '8801716234792'),
('admin_DJ', '8801716246601'),
('admin_DJ', '8801716273235'),
('admin_DJ', '8801716311315'),
('admin_DJ', '8801716323445'),
('admin_DJ', '8801716368382'),
('admin_DJ', '8801716376606'),
('admin_DJ', '8801716435150'),
('admin_DJ', '8801716523331'),
('admin_DJ', '8801716523335'),
('admin_DJ', '8801716525731'),
('admin_DJ', '8801716542910'),
('admin_DJ', '8801716640628'),
('admin_DJ', '8801716652466'),
('admin_DJ', '8801716659910'),
('admin_DJ', '8801716713615'),
('admin_DJ', '8801716720852'),
('admin_DJ', '8801716737514'),
('admin_DJ', '8801716758877'),
('admin_DJ', '8801716776429'),
('admin_DJ', '8801716845981'),
('admin_DJ', '8801716964198'),
('admin_DJ', '8801717043347'),
('admin_DJ', '8801717071431'),
('admin_DJ', '8801717110071'),
('admin_DJ', '8801717171190'),
('admin_DJ', '8801717178137'),
('admin_DJ', '8801717182871'),
('admin_DJ', '8801717289518'),
('admin_DJ', '8801717372964'),
('admin_DJ', '8801717433118'),
('admin_DJ', '8801717477088'),
('admin_DJ', '8801717742580'),
('admin_DJ', '8801717796901'),
('admin_DJ', '8801718000007'),
('admin_DJ', '8801718084684'),
('admin_DJ', '8801718151366'),
('admin_DJ', '8801718153948'),
('admin_DJ', '8801718310849'),
('admin_DJ', '8801718322760'),
('admin_DJ', '8801718333156'),
('admin_DJ', '8801718351922'),
('admin_DJ', '8801718436033'),
('admin_DJ', '8801718556047'),
('admin_DJ', '8801718595209'),
('admin_DJ', '8801718645935'),
('admin_DJ', '8801718664939'),
('admin_DJ', '8801718695475'),
('admin_DJ', '8801718698662'),
('admin_DJ', '8801718781145'),
('admin_DJ', '8801719277037'),
('admin_DJ', '8801719310819'),
('admin_DJ', '8801719594543'),
('admin_DJ', '8801719661059'),
('admin_DJ', '8801720007142'),
('admin_DJ', '8801720014219'),
('admin_DJ', '8801720020598'),
('admin_DJ', '8801720025990'),
('admin_DJ', '8801720030193'),
('admin_DJ', '8801720032003'),
('admin_DJ', '8801720039417'),
('admin_DJ', '8801720097458'),
('admin_DJ', '8801720102012'),
('admin_DJ', '8801720168185'),
('admin_DJ', '8801720216572'),
('admin_DJ', '8801720219140'),
('admin_DJ', '8801720253525'),
('admin_DJ', '8801720285177'),
('admin_DJ', '8801720287848'),
('admin_DJ', '8801720287898'),
('admin_DJ', '8801720306862'),
('admin_DJ', '8801720333444'),
('admin_DJ', '8801720339975'),
('admin_DJ', '8801720349652'),
('admin_DJ', '8801720362930'),
('admin_DJ', '8801720374020'),
('admin_DJ', '8801720396846'),
('admin_DJ', '8801720403813'),
('admin_DJ', '8801720426202'),
('admin_DJ', '8801720512210'),
('admin_DJ', '8801720569274'),
('admin_DJ', '8801720574173'),
('admin_DJ', '8801720575401'),
('admin_DJ', '8801720636307'),
('admin_DJ', '8801720661744'),
('admin_DJ', '8801720678617'),
('admin_DJ', '8801720822310'),
('admin_DJ', '8801720834381'),
('admin_DJ', '8801720907685'),
('admin_DJ', '8801720937678'),
('admin_DJ', '8801721108171'),
('admin_DJ', '8801721141090'),
('admin_DJ', '8801721147075'),
('admin_DJ', '8801721270618'),
('admin_DJ', '8801721739687'),
('admin_DJ', '8801721871170'),
('admin_DJ', '8801722366194'),
('admin_DJ', '8801722454663'),
('admin_DJ', '8801722525686'),
('admin_DJ', '8801723231770'),
('admin_DJ', '8801723557515'),
('admin_DJ', '8801723934845'),
('admin_DJ', '8801723969376'),
('admin_DJ', '8801724096518'),
('admin_DJ', '8801724303553'),
('admin_DJ', '8801724556160'),
('admin_DJ', '8801724659500'),
('admin_DJ', '8801724800242'),
('admin_DJ', '8801724865496'),
('admin_DJ', '8801724992384'),
('admin_DJ', '8801724992394'),
('admin_DJ', '8801725300260'),
('admin_DJ', '8801725361274'),
('admin_DJ', '8801725533528'),
('admin_DJ', '8801726027429'),
('admin_DJ', '8801726094714'),
('admin_DJ', '8801726133022'),
('admin_DJ', '8801726206857'),
('admin_DJ', '8801726257739'),
('admin_DJ', '8801726310689'),
('admin_DJ', '8801726409256'),
('admin_DJ', '8801726414434'),
('admin_DJ', '8801726466661'),
('admin_DJ', '8801726468591'),
('admin_DJ', '8801726532903'),
('admin_DJ', '8801726537789'),
('admin_DJ', '8801726789706'),
('admin_DJ', '8801726851088'),
('admin_DJ', '8801726851502'),
('admin_DJ', '8801726859909'),
('admin_DJ', '8801726868444'),
('admin_DJ', '8801726884431'),
('admin_DJ', '8801726887345'),
('admin_DJ', '8801726965917'),
('admin_DJ', '8801727104594'),
('admin_DJ', '8801727119996'),
('admin_DJ', '8801727201327'),
('admin_DJ', '8801727230820'),
('admin_DJ', '8801727242145'),
('admin_DJ', '8801727256972'),
('admin_DJ', '8801727263003'),
('admin_DJ', '8801727284540'),
('admin_DJ', '8801727327981'),
('admin_DJ', '8801727394433'),
('admin_DJ', '8801727411722'),
('admin_DJ', '8801727432245'),
('admin_DJ', '8801727444903'),
('admin_DJ', '8801727530598'),
('admin_DJ', '8801727643484'),
('admin_DJ', '8801727701380'),
('admin_DJ', '8801727715158'),
('admin_DJ', '8801727733233'),
('admin_DJ', '8801727775212'),
('admin_DJ', '8801727779426'),
('admin_DJ', '8801728191410'),
('admin_DJ', '8801728285237'),
('admin_DJ', '8801728292988'),
('admin_DJ', '8801728731864'),
('admin_DJ', '8801729797557'),
('admin_DJ', '8801729900647'),
('admin_DJ', '8801730000698'),
('admin_DJ', '8801730021002'),
('admin_DJ', '8801730021369'),
('admin_DJ', '8801730028427'),
('admin_DJ', '8801730059755'),
('admin_DJ', '8801730076677'),
('admin_DJ', '8801730077808'),
('admin_DJ', '8801730080703'),
('admin_DJ', '8801730092222'),
('admin_DJ', '8801730130086'),
('admin_DJ', '8801730166876'),
('admin_DJ', '8801730167911'),
('admin_DJ', '8801731056762'),
('admin_DJ', '8801731108154'),
('admin_DJ', '8801731120512'),
('admin_DJ', '8801731199401'),
('admin_DJ', '8801731230376'),
('admin_DJ', '8801731362047'),
('admin_DJ', '8801731501136'),
('admin_DJ', '8801731549799'),
('admin_DJ', '8801731566732'),
('admin_DJ', '8801731628926'),
('admin_DJ', '8801731644744'),
('admin_DJ', '8801731800333'),
('admin_DJ', '8801731854035'),
('admin_DJ', '8801731877411'),
('admin_DJ', '8801731877481'),
('admin_DJ', '8801731881041'),
('admin_DJ', '8801731894919'),
('admin_DJ', '8801731911078'),
('admin_DJ', '8801731920790'),
('admin_DJ', '8801732091934'),
('admin_DJ', '8801732106134'),
('admin_DJ', '8801732176178'),
('admin_DJ', '8801732185661'),
('admin_DJ', '8801732201155'),
('admin_DJ', '8801732228860'),
('admin_DJ', '8801732291755'),
('admin_DJ', '8801732319776'),
('admin_DJ', '8801732658787'),
('admin_DJ', '8801732674298'),
('admin_DJ', '8801732784552'),
('admin_DJ', '8801732808057'),
('admin_DJ', '8801732956389'),
('admin_DJ', '8801732968652'),
('admin_DJ', '8801732989397'),
('admin_DJ', '8801733006404'),
('admin_DJ', '8801733555275'),
('admin_DJ', '8801733632525'),
('admin_DJ', '8801733653433'),
('admin_DJ', '8801733660367'),
('admin_DJ', '8801733697871'),
('admin_DJ', '8801733724995'),
('admin_DJ', '8801733739080'),
('admin_DJ', '8801733990230'),
('admin_DJ', '8801733992929'),
('admin_DJ', '8801734291954'),
('admin_DJ', '8801734384793'),
('admin_DJ', '8801734458586'),
('admin_DJ', '8801734536149'),
('admin_DJ', '8801734609380'),
('admin_DJ', '8801735046740'),
('admin_DJ', '8801735529120'),
('admin_DJ', '8801735667291'),
('admin_DJ', '8801735720788'),
('admin_DJ', '8801736092888'),
('admin_DJ', '8801736767449'),
('admin_DJ', '8801737180529'),
('admin_DJ', '8801737373116'),
('admin_DJ', '8801737882597'),
('admin_DJ', '8801738325348'),
('admin_DJ', '8801739033323'),
('admin_DJ', '8801739058831'),
('admin_DJ', '8801739137575'),
('admin_DJ', '8801739341430'),
('admin_DJ', '8801739443636'),
('admin_DJ', '8801740581773'),
('admin_DJ', '8801740599998'),
('admin_DJ', '8801740931299'),
('admin_DJ', '8801741009406'),
('admin_DJ', '8801741036261'),
('admin_DJ', '8801741051048'),
('admin_DJ', '8801741054048'),
('admin_DJ', '8801741084669'),
('admin_DJ', '8801741120661'),
('admin_DJ', '8801741120686'),
('admin_DJ', '8801741163649'),
('admin_DJ', '8801741361533'),
('admin_DJ', '8801741382666'),
('admin_DJ', '8801741575020'),
('admin_DJ', '8801743304419'),
('admin_DJ', '8801743353122'),
('admin_DJ', '8801743894030'),
('admin_DJ', '8801745770476'),
('admin_DJ', '8801745988576'),
('admin_DJ', '8801746034095'),
('admin_DJ', '8801746085709'),
('admin_DJ', '8801746112630'),
('admin_DJ', '8801746217454'),
('admin_DJ', '8801746274235'),
('admin_DJ', '8801746298479'),
('admin_DJ', '8801747225533'),
('admin_DJ', '8801747363269'),
('admin_DJ', '8801747417520'),
('admin_DJ', '8801747900434'),
('admin_DJ', '8801747906914'),
('admin_DJ', '8801747947211'),
('admin_DJ', '8801749311216'),
('admin_DJ', '8801749376897'),
('admin_DJ', '8801749475263'),
('admin_DJ', '8801749508016'),
('admin_DJ', '8801749853827'),
('admin_DJ', '8801751703259'),
('admin_DJ', '8801759005488'),
('admin_DJ', '8801768701320'),
('admin_DJ', '8801772009745'),
('admin_DJ', '8801811444555'),
('admin_DJ', '8801811581359'),
('admin_DJ', '8801811618206'),
('admin_DJ', '8801811671745'),
('admin_DJ', '8801811900408'),
('admin_DJ', '8801811908283'),
('admin_DJ', '8801812260058'),
('admin_DJ', '8801812663991'),
('admin_DJ', '8801812700999'),
('admin_DJ', '8801813239036'),
('admin_DJ', '8801813372924'),
('admin_DJ', '8801813824190'),
('admin_DJ', '8801814208000'),
('admin_DJ', '8801814211787'),
('admin_DJ', '8801814418332'),
('admin_DJ', '8801814861595'),
('admin_DJ', '8801815221729'),
('admin_DJ', '8801815241859'),
('admin_DJ', '8801815434251'),
('admin_DJ', '8801815451448'),
('admin_DJ', '8801816046819'),
('admin_DJ', '8801816300923'),
('admin_DJ', '8801816347046'),
('admin_DJ', '8801816555056'),
('admin_DJ', '8801816566935'),
('admin_DJ', '8801816650529'),
('admin_DJ', '8801816718944'),
('admin_DJ', '8801816776056'),
('admin_DJ', '8801816844525'),
('admin_DJ', '8801817003187'),
('admin_DJ', '8801817030309'),
('admin_DJ', '8801817031704'),
('admin_DJ', '8801817035295'),
('admin_DJ', '8801817047322'),
('admin_DJ', '8801817119588'),
('admin_DJ', '8801817130293'),
('admin_DJ', '8801817142910'),
('admin_DJ', '8801817144042'),
('admin_DJ', '8801817147010'),
('admin_DJ', '8801817211949'),
('admin_DJ', '8801817211952'),
('admin_DJ', '8801817511572'),
('admin_DJ', '8801817515038'),
('admin_DJ', '8801817585132'),
('admin_DJ', '8801817597471'),
('admin_DJ', '8801817635229'),
('admin_DJ', '8801818008869'),
('admin_DJ', '8801818021651'),
('admin_DJ', '8801818021659'),
('admin_DJ', '8801818324171'),
('admin_DJ', '8801818445608'),
('admin_DJ', '8801818494552'),
('admin_DJ', '8801818634031'),
('admin_DJ', '8801818738574'),
('admin_DJ', '8801818750602'),
('admin_DJ', '8801818777770'),
('admin_DJ', '8801818858411'),
('admin_DJ', '8801819036170'),
('admin_DJ', '8801819087988'),
('admin_DJ', '8801819122007'),
('admin_DJ', '8801819128337'),
('admin_DJ', '8801819134355'),
('admin_DJ', '8801819134509'),
('admin_DJ', '8801819145655'),
('admin_DJ', '8801819167088'),
('admin_DJ', '8801819190418'),
('admin_DJ', '8801819190987'),
('admin_DJ', '8801819194222'),
('admin_DJ', '8801819203136'),
('admin_DJ', '8801819206820'),
('admin_DJ', '8801819211108'),
('admin_DJ', '8801819212407'),
('admin_DJ', '8801819212556'),
('admin_DJ', '8801819212670'),
('admin_DJ', '8801819214124'),
('admin_DJ', '8801819214202'),
('admin_DJ', '8801819215230'),
('admin_DJ', '8801819215353'),
('admin_DJ', '8801819215480'),
('admin_DJ', '8801819216055'),
('admin_DJ', '8801819216349'),
('admin_DJ', '8801819226403'),
('admin_DJ', '8801819216563'),
('admin_DJ', '8801819216755'),
('admin_DJ', '8801819218177'),
('admin_DJ', '8801819220198'),
('admin_DJ', '8801819220242'),
('admin_DJ', '8801819220336'),
('admin_DJ', '8801819220354'),
('admin_DJ', '8801819220729'),
('admin_DJ', '8801819221445'),
('admin_DJ', '8801819221533'),
('admin_DJ', '8801819221860'),
('admin_DJ', '8801819223516'),
('admin_DJ', '8801819223745'),
('admin_DJ', '8801819224900'),
('admin_DJ', '8801819225220'),
('admin_DJ', '8801819225328'),
('admin_DJ', '8801819225532'),
('admin_DJ', '8801819225538'),
('admin_DJ', '8801819226005'),
('admin_DJ', '8801819226260'),
('admin_DJ', '8801819227251'),
('admin_DJ', '8801819228112'),
('admin_DJ', '8801819228639'),
('admin_DJ', '8801819229030'),
('admin_DJ', '8801819231423'),
('admin_DJ', '8801819237324'),
('admin_DJ', '8801819237520'),
('admin_DJ', '8801819237548'),
('admin_DJ', '8801819237813'),
('admin_DJ', '8801819238830'),
('admin_DJ', '8801819239293'),
('admin_DJ', '8801819240891'),
('admin_DJ', '8801819243096'),
('admin_DJ', '8801819243435'),
('admin_DJ', '8801819243552'),
('admin_DJ', '8801819244060'),
('admin_DJ', '8801819244715'),
('admin_DJ', '8801819245492'),
('admin_DJ', '8801819245835'),
('admin_DJ', '8801819245866'),
('admin_DJ', '8801819249224'),
('admin_DJ', '8801819250741'),
('admin_DJ', '8801819255351'),
('admin_DJ', '8801819259628'),
('admin_DJ', '8801819260012'),
('admin_DJ', '8801819262133'),
('admin_DJ', '8801819270915'),
('admin_DJ', '8801819271420'),
('admin_DJ', '8801819272493'),
('admin_DJ', '8801819273077'),
('admin_DJ', '8801819284282'),
('admin_DJ', '8801819287424'),
('admin_DJ', '8801819293920'),
('admin_DJ', '8801819295223'),
('admin_DJ', '8801819298343'),
('admin_DJ', '8801819313057'),
('admin_DJ', '8801819313534'),
('admin_DJ', '8801819366730'),
('admin_DJ', '8801819402239'),
('admin_DJ', '8801819405214'),
('admin_DJ', '8801819430147'),
('admin_DJ', '8801819436805'),
('admin_DJ', '8801819458803'),
('admin_DJ', '8801819459256'),
('admin_DJ', '8801819459732'),
('admin_DJ', '8801819462540'),
('admin_DJ', '8801819463753'),
('admin_DJ', '8801819468160'),
('admin_DJ', '8801819468218'),
('admin_DJ', '8801819492704'),
('admin_DJ', '8801819494771'),
('admin_DJ', '8801819498523'),
('admin_DJ', '8801819525345'),
('admin_DJ', '8801819680462'),
('admin_DJ', '8801819864867'),
('admin_DJ', '8801819896160'),
('admin_DJ', '8801819914231'),
('admin_DJ', '8801819990300'),
('admin_DJ', '8801820067977'),
('admin_DJ', '8801820823444'),
('admin_DJ', '8801821111115'),
('admin_DJ', '8801821580088'),
('admin_DJ', '8801822903657'),
('admin_DJ', '8801822906657'),
('admin_DJ', '8801823015525'),
('admin_DJ', '8801823887979'),
('admin_DJ', '8801824172720'),
('admin_DJ', '8801824611049'),
('admin_DJ', '8801824848664'),
('admin_DJ', '8801825568059'),
('admin_DJ', '8801825993882'),
('admin_DJ', '8801826621001'),
('admin_DJ', '8801826652604'),
('admin_DJ', '8801826655587'),
('admin_DJ', '8801827218144'),
('admin_DJ', '8801827777802'),
('admin_DJ', '8801841122000'),
('admin_DJ', '8801891223884'),
('admin_DJ', '8801891226774'),
('admin_DJ', '8801891237225'),
('admin_DJ', '8801911041292'),
('admin_DJ', '8801911098799'),
('admin_DJ', '8801911103073'),
('admin_DJ', '8801911277396'),
('admin_DJ', '8801911302079'),
('admin_DJ', '8801911311133'),
('admin_DJ', '8801911316891'),
('admin_DJ', '8801911322957'),
('admin_DJ', '8801911340203'),
('admin_DJ', '8801911341834'),
('admin_DJ', '8801911344602'),
('admin_DJ', '8801911344604'),
('admin_DJ', '8801911349459'),
('admin_DJ', '8801911352125'),
('admin_DJ', '8801911353182'),
('admin_DJ', '8801911354804'),
('admin_DJ', '8801911357811'),
('admin_DJ', '8801911360166'),
('admin_DJ', '8801911366080'),
('admin_DJ', '8801911373427'),
('admin_DJ', '8801911386614'),
('admin_DJ', '8801911386707'),
('admin_DJ', '8801911387001'),
('admin_DJ', '8801911393315'),
('admin_DJ', '8801911419044'),
('admin_DJ', '8801911447923'),
('admin_DJ', '8801911483914'),
('admin_DJ', '8801911485584'),
('admin_DJ', '8801911496909'),
('admin_DJ', '8801911497192'),
('admin_DJ', '8801911531556'),
('admin_DJ', '8801911543284'),
('admin_DJ', '8801911559478'),
('admin_DJ', '8801911628406'),
('admin_DJ', '8801911645920'),
('admin_DJ', '8801911776972'),
('admin_DJ', '8801911886639'),
('admin_DJ', '8801911925820'),
('admin_DJ', '8801911935126'),
('admin_DJ', '8801911987204'),
('admin_DJ', '8801912012555'),
('admin_DJ', '8801912162823'),
('admin_DJ', '8801912165697'),
('admin_DJ', '8801912206655'),
('admin_DJ', '8801912228716'),
('admin_DJ', '8801912517568'),
('admin_DJ', '8801912530049'),
('admin_DJ', '8801912707746'),
('admin_DJ', '8801912718475'),
('admin_DJ', '8801912883959'),
('admin_DJ', '8801912943806'),
('admin_DJ', '8801913001133'),
('admin_DJ', '8801913001177'),
('admin_DJ', '8801913022007'),
('admin_DJ', '8801913024715'),
('admin_DJ', '8801913066603'),
('admin_DJ', '8801913125122'),
('admin_DJ', '8801913146674'),
('admin_DJ', '8801913189859'),
('admin_DJ', '8801913271155'),
('admin_DJ', '8801913271166'),
('admin_DJ', '8801913293573'),
('admin_DJ', '8801913327115'),
('admin_DJ', '8801913378430'),
('admin_DJ', '8801913423169'),
('admin_DJ', '8801913441644'),
('admin_DJ', '8801913447668'),
('admin_DJ', '8801913464020'),
('admin_DJ', '8801913627847'),
('admin_DJ', '8801913646417'),
('admin_DJ', '8801913783988'),
('admin_DJ', '8801913845011'),
('admin_DJ', '8801913859319'),
('admin_DJ', '8801914250250'),
('admin_DJ', '8801914344944'),
('admin_DJ', '8801914368220'),
('admin_DJ', '8801914388892'),
('admin_DJ', '8801914405060'),
('admin_DJ', '8801914437931'),
('admin_DJ', '8801914491128'),
('admin_DJ', '8801914559658'),
('admin_DJ', '8801914588892'),
('admin_DJ', '8801914680130'),
('admin_DJ', '8801914714254'),
('admin_DJ', '8801914725747'),
('admin_DJ', '8801914730839'),
('admin_DJ', '8801914805822'),
('admin_DJ', '8801914829292'),
('admin_DJ', '8801914849066'),
('admin_DJ', '8801914877034'),
('admin_DJ', '8801914880630'),
('admin_DJ', '8801914903855'),
('admin_DJ', '8801915000099'),
('admin_DJ', '8801915007389'),
('admin_DJ', '8801915228076'),
('admin_DJ', '8801915379953'),
('admin_DJ', '8801915398957'),
('admin_DJ', '8801915428866'),
('admin_DJ', '8801915441087'),
('admin_DJ', '8801915617936'),
('admin_DJ', '8801915638331'),
('admin_DJ', '8801915681379'),
('admin_DJ', '8801915686055'),
('admin_DJ', '8801915692273'),
('admin_DJ', '8801915711406'),
('admin_DJ', '8801915722532'),
('admin_DJ', '8801915829160'),
('admin_DJ', '8801915911211'),
('admin_DJ', '8801916048358'),
('admin_DJ', '8801916050655'),
('admin_DJ', '8801916165546'),
('admin_DJ', '8801916166986'),
('admin_DJ', '8801916504296'),
('admin_DJ', '8801916544404'),
('admin_DJ', '8801916576287'),
('admin_DJ', '8801916636000'),
('admin_DJ', '8801916702216'),
('admin_DJ', '8801916703329'),
('admin_DJ', '8801916708133'),
('admin_DJ', '8801916711929'),
('admin_DJ', '8801916745150'),
('admin_DJ', '8801916760643'),
('admin_DJ', '8801916762506'),
('admin_DJ', '8801916825275'),
('admin_DJ', '8801916825285'),
('admin_DJ', '8801916948780'),
('admin_DJ', '8801916948788'),
('admin_DJ', '8801917041477'),
('admin_DJ', '8801917189557'),
('admin_DJ', '8801917285892'),
('admin_DJ', '8801917306053'),
('admin_DJ', '8801917334876'),
('admin_DJ', '8801917708082'),
('admin_DJ', '8801917733756'),
('admin_DJ', '8801917871228'),
('admin_DJ', '8801918114262'),
('admin_DJ', '8801918210681'),
('admin_DJ', '8801918422343'),
('admin_DJ', '8801918466270'),
('admin_DJ', '8801918540576'),
('admin_DJ', '8801918836381'),
('admin_DJ', '8801918921138'),
('admin_DJ', '8801918922844'),
('admin_DJ', '8801918938902'),
('admin_DJ', '8801918946146'),
('admin_DJ', '8801918998875'),
('admin_DJ', '8801919030009'),
('admin_DJ', '8801919060606'),
('admin_DJ', '8801919298343'),
('admin_DJ', '8801919481752'),
('admin_DJ', '8801919666616'),
('admin_DJ', '8801920080747'),
('admin_DJ', '8801920327193'),
('admin_DJ', '8801920475091'),
('admin_DJ', '8801920483195'),
('admin_DJ', '8801920795548'),
('admin_DJ', '8801920801958'),
('admin_DJ', '8801920812630'),
('admin_DJ', '8801920938638'),
('admin_DJ', '8801920991823'),
('admin_DJ', '8801920992737'),
('admin_DJ', '8801921024900'),
('admin_DJ', '8801921024977'),
('admin_DJ', '8801921104755'),
('admin_DJ', '8801921300828'),
('admin_DJ', '8801921358125'),
('admin_DJ', '8801921364340'),
('admin_DJ', '8801921365007'),
('admin_DJ', '8801921454532'),
('admin_DJ', '8801921488840'),
('admin_DJ', '8801921514122'),
('admin_DJ', '8801921748585'),
('admin_DJ', '8801921748586'),
('admin_DJ', '8801921797078'),
('admin_DJ', '8801922001084'),
('admin_DJ', '8801922173959'),
('admin_DJ', '8801922174670'),
('admin_DJ', '8801922192233'),
('admin_DJ', '8801922245599'),
('admin_DJ', '8801922299247'),
('admin_DJ', '8801922505102'),
('admin_DJ', '8801922526987'),
('admin_DJ', '8801922530049'),
('admin_DJ', '8801922596415'),
('admin_DJ', '8801922606707'),
('admin_DJ', '8801922720344'),
('admin_DJ', '8801922866621'),
('admin_DJ', '8801923000103'),
('admin_DJ', '8801923001949'),
('admin_DJ', '8801923062287'),
('admin_DJ', '8801923224306'),
('admin_DJ', '8801923275755'),
('admin_DJ', '8801923438090'),
('admin_DJ', '8801923509949'),
('admin_DJ', '8801923515038'),
('admin_DJ', '8801923518081'),
('admin_DJ', '8801923525929'),
('admin_DJ', '8801924002959'),
('admin_DJ', '8801924004365'),
('admin_DJ', '8801924004604'),
('admin_DJ', '8801924008505'),
('admin_DJ', '8801924008506'),
('admin_DJ', '8801924534226'),
('admin_DJ', '8801924558334'),
('admin_DJ', '8801924725946'),
('admin_DJ', '8801924733915'),
('admin_DJ', '8801924743192'),
('admin_DJ', '8801924805441'),
('admin_DJ', '8801924830453'),
('admin_DJ', '8801924831926'),
('admin_DJ', '8801925903959'),
('admin_DJ', '8801926005631'),
('admin_DJ', '8801926048228'),
('admin_DJ', '8801926048248'),
('admin_DJ', '8801926050655'),
('admin_DJ', '8801926265547'),
('admin_DJ', '8801926266106'),
('admin_DJ', '8801926600049'),
('admin_DJ', '8801926671604'),
('admin_DJ', '8801926671607'),
('admin_DJ', '8801926682660'),
('admin_DJ', '8801926752579'),
('admin_DJ', '8801927243804'),
('admin_DJ', '8801927326684'),
('admin_DJ', '8801927458007'),
('admin_DJ', '8801927767044'),
('admin_DJ', '8801928596312'),
('admin_DJ', '8801928596316'),
('admin_DJ', '8801928963869'),
('admin_DJ', '8801928969979'),
('admin_DJ', '8801929027470'),
('admin_DJ', '8801929332507'),
('admin_DJ', '8801929349185'),
('admin_DJ', '8801929563545'),
('admin_DJ', '8801929737855'),
('admin_DJ', '8801929766826'),
('admin_DJ', '8801929882944'),
('admin_DJ', '8801930074933'),
('admin_DJ', '8801930075933'),
('admin_DJ', '8801930206828'),
('admin_DJ', '8801930742866'),
('admin_DJ', '8801931100982'),
('admin_DJ', '8801931162435'),
('admin_DJ', '8801931210121'),
('admin_DJ', '8801931381411'),
('admin_DJ', '8801931409151'),
('admin_DJ', '8801933322179'),
('admin_DJ', '8801937040840'),
('admin_DJ', '8801937041561'),
('admin_DJ', '8801937080839'),
('admin_DJ', '8801937672803'),
('admin_DJ', '8801937844596'),
('admin_DJ', '8801937845496'),
('admin_DJ', '8801948724250'),
('admin_DJ', '8801971536839'),
('admin_DJ', '8801972387320'),
('admin_DJ', '8801972480668'),
('admin_DJ', '8801973001971'),
('admin_DJ', '8801973005642'),
('admin_DJ', '8801973039954'),
('admin_DJ', '8801979229008'),
('admin_DJ', '8801991853088'),
('admin_DJ', '8801190144803'),
('admin_DJ', '8801190693783'),
('admin_DJ', '8801191313738'),
('admin_DJ', '8801191385424'),
('admin_DJ', '8801191568871'),
('admin_DJ', '8801191595341'),
('admin_DJ', '8801192334872'),
('admin_DJ', '8801195224580'),
('admin_DJ', '8801196142387'),
('admin_DJ', '8801199092448'),
('admin_DJ', '8801199111150'),
('admin_DJ', '8801199121547'),
('admin_DJ', '8801199198265'),
('admin_DJ', '8801199340716'),
('admin_DJ', '8801199435419'),
('admin_DJ', '8801199480509'),
('admin_DJ', '8801199800512'),
('admin_DJ', '8801199802316'),
('admin_DJ', '8801199802582'),
('admin_DJ', '8801199806687'),
('admin_DJ', '8801199809440'),
('admin_DJ', '8801199827272'),
('admin_DJ', '8801199836665'),
('admin_DJ', '8801199845981'),
('admin_DJ', '8801199847164'),
('admin_DJ', '8801199850133'),
('admin_DJ', '8801199850808'),
('admin_DJ', '8801199855459'),
('admin_DJ', '8801199855830'),
('admin_DJ', '8801199856270'),
('admin_DJ', '8801199859729'),
('admin_DJ', '8801550153650'),
('admin_DJ', '8801552101010'),
('admin_DJ', '8801552322180'),
('admin_DJ', '8801552323922'),
('admin_DJ', '8801552324574'),
('admin_DJ', '8801552345147'),
('admin_DJ', '8801552347757'),
('admin_DJ', '8801552353442'),
('admin_DJ', '8801552364424'),
('admin_DJ', '8801552385281'),
('admin_DJ', '8801552396849'),
('admin_DJ', '8801552407000'),
('admin_DJ', '8801552410442'),
('admin_DJ', '8801552417026'),
('admin_DJ', '8801552420113'),
('admin_DJ', '8801552421338'),
('admin_DJ', '8801552432451'),
('admin_DJ', '8801552460131'),
('admin_DJ', '8801552480668'),
('admin_DJ', '8801552488840'),
('admin_DJ', '8801552543019'),
('admin_DJ', '8801556363632'),
('admin_DJ', '8801556632429'),
('admin_DJ', '8801557140035'),
('admin_DJ', '8801611302003'),
('admin_DJ', '8801614385238'),
('admin_DJ', '8801618077014'),
('admin_DJ', '8801619259463'),
('admin_DJ', '8801670022700'),
('admin_DJ', '8801670364226'),
('admin_DJ', '8801670554481'),
('admin_DJ', '8801670805539'),
('admin_DJ', '8801671133491'),
('admin_DJ', '8801671139448'),
('admin_DJ', '8801671380347'),
('admin_DJ', '8801671742435'),
('admin_DJ', '8801671768415'),
('admin_DJ', '8801671984221'),
('admin_DJ', '8801671992595'),
('admin_DJ', '8801672020069'),
('admin_DJ', '8801672092443'),
('admin_DJ', '8801672121729'),
('admin_DJ', '8801672263719'),
('admin_DJ', '8801672480165'),
('admin_DJ', '8801672792126'),
('admin_DJ', '8801672795214'),
('admin_DJ', '8801673051165'),
('admin_DJ', '8801673181834'),
('admin_DJ', '8801673307279'),
('admin_DJ', '8801673402224'),
('admin_DJ', '8801673605716'),
('admin_DJ', '8801673618172'),
('admin_DJ', '8801673649713'),
('admin_DJ', '8801673780363'),
('admin_DJ', '8801673877908'),
('admin_DJ', '8801673948094'),
('admin_DJ', '8801674058897'),
('admin_DJ', '8801674084500'),
('admin_DJ', '8801674279913'),
('admin_DJ', '8801674295492'),
('admin_DJ', '8801674493478'),
('admin_DJ', '8801674599613'),
('admin_DJ', '8801674615370'),
('admin_DJ', '8801674795598'),
('admin_DJ', '8801674830792'),
('admin_DJ', '8801674838221'),
('admin_DJ', '8801674915821'),
('admin_DJ', '8801675109363'),
('admin_DJ', '8801675368650'),
('admin_DJ', '8801675738080'),
('admin_DJ', '8801675894428'),
('admin_DJ', '8801676045046'),
('admin_DJ', '8801678086915'),
('admin_DJ', '8801678101301'),
('admin_DJ', '8801678131264'),
('admin_DJ', '8801678136465'),
('admin_DJ', '8801678140040'),
('admin_DJ', '8801678143142'),
('admin_DJ', '8801678169979'),
('admin_DJ', '8801710396486'),
('admin_DJ', '8801710501127'),
('admin_DJ', '8801710812548'),
('admin_DJ', '8801710829976'),
('admin_DJ', '8801710845337'),
('admin_DJ', '8801710855039'),
('admin_DJ', '8801710912353'),
('admin_DJ', '8801711000444'),
('admin_DJ', '8801711020206'),
('admin_DJ', '8801711025460'),
('admin_DJ', '8801711025466'),
('admin_DJ', '8801711026336'),
('admin_DJ', '8801711034187'),
('admin_DJ', '8801711039963'),
('admin_DJ', '8801711043269'),
('admin_DJ', '8801711050140'),
('admin_DJ', '8801711054218'),
('admin_DJ', '8801711056561'),
('admin_DJ', '8801711080546'),
('admin_DJ', '8801711080753'),
('admin_DJ', '8801711081145'),
('admin_DJ', '8801711107058'),
('admin_DJ', '8801711108564'),
('admin_DJ', '8801711109192'),
('admin_DJ', '8801711123087'),
('admin_DJ', '8801711124120'),
('admin_DJ', '8801711124223'),
('admin_DJ', '8801711126349'),
('admin_DJ', '8801711130469'),
('admin_DJ', '8801711147998'),
('admin_DJ', '8801711153293'),
('admin_DJ', '8801711163964'),
('admin_DJ', '8801711167642'),
('admin_DJ', '8801711168835'),
('admin_DJ', '8801711173373'),
('admin_DJ', '8801711175468'),
('admin_DJ', '8801711180618'),
('admin_DJ', '8801711180804'),
('admin_DJ', '8801711181525'),
('admin_DJ', '8801711182405'),
('admin_DJ', '8801711191474'),
('admin_DJ', '8801711194500'),
('admin_DJ', '8801711201803'),
('admin_DJ', '8801711201976'),
('admin_DJ', '8801711205895'),
('admin_DJ', '8801711224030'),
('admin_DJ', '8801711226328'),
('admin_DJ', '8801711230584'),
('admin_DJ', '8801711239380'),
('admin_DJ', '8801711264444'),
('admin_DJ', '8801711264855'),
('admin_DJ', '8801711273235'),
('admin_DJ', '8801711282095'),
('admin_DJ', '8801711286376'),
('admin_DJ', '8801711301182'),
('admin_DJ', '8801711312067'),
('admin_DJ', '8801711313544'),
('admin_DJ', '8801711313928'),
('admin_DJ', '8801711317338'),
('admin_DJ', '8801711318000'),
('admin_DJ', '8801711323723'),
('admin_DJ', '8801711323787'),
('admin_DJ', '8801711324959'),
('admin_DJ', '8801711326185'),
('admin_DJ', '8801711327018'),
('admin_DJ', '8801711329703'),
('admin_DJ', '8801711333480'),
('admin_DJ', '8801711334379'),
('admin_DJ', '8801711338106'),
('admin_DJ', '8801711342192'),
('admin_DJ', '8801711342335'),
('admin_DJ', '8801711344358'),
('admin_DJ', '8801711346496'),
('admin_DJ', '8801711348117'),
('admin_DJ', '8801711348328'),
('admin_DJ', '8801711352564'),
('admin_DJ', '8801711353113'),
('admin_DJ', '8801711354901'),
('admin_DJ', '8801711355352'),
('admin_DJ', '8801711355731'),
('admin_DJ', '8801711359540'),
('admin_DJ', '8801711359698'),
('admin_DJ', '8801711363067'),
('admin_DJ', '8801711363137'),
('admin_DJ', '8801711368447'),
('admin_DJ', '8801711376404'),
('admin_DJ', '8801711381465'),
('admin_DJ', '8801711381571'),
('admin_DJ', '8801711386295'),
('admin_DJ', '8801711387634'),
('admin_DJ', '8801711390007'),
('admin_DJ', '8801711390794'),
('admin_DJ', '8801711394659'),
('admin_DJ', '8801711394935'),
('admin_DJ', '8801711401630'),
('admin_DJ', '8801711407502'),
('admin_DJ', '8801711421374'),
('admin_DJ', '8801711432339'),
('admin_DJ', '8801711434657'),
('admin_DJ', '8801711443324'),
('admin_DJ', '8801711451158'),
('admin_DJ', '8801711451527'),
('admin_DJ', '8801711451529'),
('admin_DJ', '8801711453902'),
('admin_DJ', '8801711454846'),
('admin_DJ', '8801711455502'),
('admin_DJ', '8801711456520'),
('admin_DJ', '8801711463108'),
('admin_DJ', '8801711464477'),
('admin_DJ', '8801711465485'),
('admin_DJ', '8801711472011'),
('admin_DJ', '8801711472827'),
('admin_DJ', '8801711485870'),
('admin_DJ', '8801711489113'),
('admin_DJ', '8801711520208'),
('admin_DJ', '8801711520297'),
('admin_DJ', '8801711520329'),
('admin_DJ', '8801711520799'),
('admin_DJ', '8801711520990'),
('admin_DJ', '8801711521407'),
('admin_DJ', '8801711521559'),
('admin_DJ', '8801711521751'),
('admin_DJ', '8801711522369'),
('admin_DJ', '8801711522704'),
('admin_DJ', '8801711522732'),
('admin_DJ', '8801711522875'),
('admin_DJ', '8801711523009'),
('admin_DJ', '8801711523821'),
('admin_DJ', '8801711524024'),
('admin_DJ', '8801711524894'),
('admin_DJ', '8801711524951'),
('admin_DJ', '8801711525220'),
('admin_DJ', '8801711525832'),
('admin_DJ', '8801711525967'),
('admin_DJ', '8801711526289'),
('admin_DJ', '8801711526458'),
('admin_DJ', '8801711526516'),
('admin_DJ', '8801711526629'),
('admin_DJ', '8801711527353'),
('admin_DJ', '8801711527692'),
('admin_DJ', '8801711527772'),
('admin_DJ', '8801711527854'),
('admin_DJ', '8801711527916'),
('admin_DJ', '8801711528076'),
('admin_DJ', '8801711528277'),
('admin_DJ', '8801711528332'),
('admin_DJ', '8801711528351'),
('admin_DJ', '8801711528451'),
('admin_DJ', '8801711528492'),
('admin_DJ', '8801711529451'),
('admin_DJ', '8801711529507'),
('admin_DJ', '8801711530410'),
('admin_DJ', '8801711530665'),
('admin_DJ', '8801711530780'),
('admin_DJ', '8801711531006'),
('admin_DJ', '8801711531012'),
('admin_DJ', '8801711531019'),
('admin_DJ', '8801711531258'),
('admin_DJ', '8801711531685'),
('admin_DJ', '8801711532557'),
('admin_DJ', '8801711533229'),
('admin_DJ', '8801711533351'),
('admin_DJ', '8801711533870'),
('admin_DJ', '8801711534663'),
('admin_DJ', '8801711534716'),
('admin_DJ', '8801711534795'),
('admin_DJ', '8801711534904'),
('admin_DJ', '8801711535051'),
('admin_DJ', '8801711535270'),
('admin_DJ', '8801711535510'),
('admin_DJ', '8801711535653'),
('admin_DJ', '8801711536395'),
('admin_DJ', '8801711536455'),
('admin_DJ', '8801711536475'),
('admin_DJ', '8801711536605'),
('admin_DJ', '8801711536619'),
('admin_DJ', '8801711536717'),
('admin_DJ', '8801711537293'),
('admin_DJ', '8801711537348'),
('admin_DJ', '8801711537382'),
('admin_DJ', '8801711537992'),
('admin_DJ', '8801711538408'),
('admin_DJ', '8801711538440'),
('admin_DJ', '8801711538573'),
('admin_DJ', '8801711538771'),
('admin_DJ', '8801711539223'),
('admin_DJ', '8801711540002'),
('admin_DJ', '8801711540063'),
('admin_DJ', '8801711540108'),
('admin_DJ', '8801711540206'),
('admin_DJ', '8801711540312'),
('admin_DJ', '8801711540361'),
('admin_DJ', '8801711540439'),
('admin_DJ', '8801711540986'),
('admin_DJ', '8801711541060'),
('admin_DJ', '8801711542025'),
('admin_DJ', '8801711542162'),
('admin_DJ', '8801711542445'),
('admin_DJ', '8801711542449'),
('admin_DJ', '8801711544131'),
('admin_DJ', '8801711544570'),
('admin_DJ', '8801711544653'),
('admin_DJ', '8801711546622'),
('admin_DJ', '8801711546684'),
('admin_DJ', '8801711546867'),
('admin_DJ', '8801711547256'),
('admin_DJ', '8801711547536'),
('admin_DJ', '8801711548000'),
('admin_DJ', '8801711548158'),
('admin_DJ', '8801711548483'),
('admin_DJ', '8801711548990'),
('admin_DJ', '8801711549040'),
('admin_DJ', '8801711549510'),
('admin_DJ', '8801711549682'),
('admin_DJ', '8801711549946'),
('admin_DJ', '8801711549992'),
('admin_DJ', '8801711550507'),
('admin_DJ', '8801711560550'),
('admin_DJ', '8801711561334'),
('admin_DJ', '8801711561407'),
('admin_DJ', '8801711562033'),
('admin_DJ', '8801711562360'),
('admin_DJ', '8801711563036'),
('admin_DJ', '8801711563347'),
('admin_DJ', '8801711565719'),
('admin_DJ', '8801711565799'),
('admin_DJ', '8801711567228'),
('admin_DJ', '8801711568330'),
('admin_DJ', '8801711568503'),
('admin_DJ', '8801711568568'),
('admin_DJ', '8801711568625'),
('admin_DJ', '8801711568716'),
('admin_DJ', '8801711570619'),
('admin_DJ', '8801711571009'),
('admin_DJ', '8801711574402'),
('admin_DJ', '8801711580465'),
('admin_DJ', '8801711590014'),
('admin_DJ', '8801711591131'),
('admin_DJ', '8801711591326'),
('admin_DJ', '8801711593214'),
('admin_DJ', '8801711593367'),
('admin_DJ', '8801711593603'),
('admin_DJ', '8801711594032'),
('admin_DJ', '8801711595970'),
('admin_DJ', '8801711595985'),
('admin_DJ', '8801711599045'),
('admin_DJ', '8801711603530'),
('admin_DJ', '8801711607433'),
('admin_DJ', '8801711610078'),
('admin_DJ', '8801711610079'),
('admin_DJ', '8801711612300'),
('admin_DJ', '8801711619044'),
('admin_DJ', '8801711619499'),
('admin_DJ', '8801711620429'),
('admin_DJ', '8801711623532'),
('admin_DJ', '8801711623891'),
('admin_DJ', '8801711624727'),
('admin_DJ', '8801711626264'),
('admin_DJ', '8801711632757'),
('admin_DJ', '8801711636129'),
('admin_DJ', '8801711637901'),
('admin_DJ', '8801711642101'),
('admin_DJ', '8801711642388'),
('admin_DJ', '8801711642748'),
('admin_DJ', '8801711642757'),
('admin_DJ', '8801711643397'),
('admin_DJ', '8801711647979'),
('admin_DJ', '8801711648004'),
('admin_DJ', '8801711661403'),
('admin_DJ', '8801711661486'),
('admin_DJ', '8801711661881'),
('admin_DJ', '8801711655356'),
('admin_DJ', '8801711666691'),
('admin_DJ', '8801711666692'),
('admin_DJ', '8801711670906'),
('admin_DJ', '8801711682057'),
('admin_DJ', '8801711687829'),
('admin_DJ', '8801711688679'),
('admin_DJ', '8801711689438'),
('admin_DJ', '8801711692345'),
('admin_DJ', '8801711695359'),
('admin_DJ', '8801711703737'),
('admin_DJ', '8801711720952'),
('admin_DJ', '8801711731104'),
('admin_DJ', '8801711733649'),
('admin_DJ', '8801711734878'),
('admin_DJ', '8801711739298'),
('admin_DJ', '8801711749636'),
('admin_DJ', '8801711787898'),
('admin_DJ', '8801711800272'),
('admin_DJ', '8801711811024'),
('admin_DJ', '8801711811645'),
('admin_DJ', '8801711816237'),
('admin_DJ', '8801711841718'),
('admin_DJ', '8801711842266'),
('admin_DJ', '8801711849735'),
('admin_DJ', '8801711852126'),
('admin_DJ', '8801711853259'),
('admin_DJ', '8801711859764'),
('admin_DJ', '8801711862222'),
('admin_DJ', '8801711863592'),
('admin_DJ', '8801711866794'),
('admin_DJ', '8801711866910'),
('admin_DJ', '8801711887702'),
('admin_DJ', '8801711887703'),
('admin_DJ', '8801711887706'),
('admin_DJ', '8801711887709'),
('admin_DJ', '8801711887713'),
('admin_DJ', '8801711891860'),
('admin_DJ', '8801711900980'),
('admin_DJ', '8801711906912'),
('admin_DJ', '8801711906959'),
('admin_DJ', '8801711908313'),
('admin_DJ', '8801711909666'),
('admin_DJ', '8801711932476'),
('admin_DJ', '8801711934379'),
('admin_DJ', '8801711938818'),
('admin_DJ', '8801711947434'),
('admin_DJ', '8801711956443'),
('admin_DJ', '8801711956644'),
('admin_DJ', '8801711986287'),
('admin_DJ', '8801711986777'),
('admin_DJ', '8801712007827'),
('admin_DJ', '8801712009828'),
('admin_DJ', '8801712013007'),
('admin_DJ', '8801712013087'),
('admin_DJ', '8801712015609'),
('admin_DJ', '8801712019129'),
('admin_DJ', '8801712022744'),
('admin_DJ', '8801712026872'),
('admin_DJ', '8801712039500'),
('admin_DJ', '8801712044882'),
('admin_DJ', '8801712052591'),
('admin_DJ', '8801712081843'),
('admin_DJ', '8801712106131'),
('admin_DJ', '8801712108450'),
('admin_DJ', '8801712108747'),
('admin_DJ', '8801712118692'),
('admin_DJ', '8801712127281'),
('admin_DJ', '8801712132881'),
('admin_DJ', '8801712132891'),
('admin_DJ', '8801712146545'),
('admin_DJ', '8801712167401'),
('admin_DJ', '8801712170103'),
('admin_DJ', '8801712178873'),
('admin_DJ', '8801712183426'),
('admin_DJ', '8801712217103'),
('admin_DJ', '8801712226844'),
('admin_DJ', '8801712227971'),
('admin_DJ', '8801712229622'),
('admin_DJ', '8801712244000'),
('admin_DJ', '8801712248426'),
('admin_DJ', '8801712259320'),
('admin_DJ', '8801712266811'),
('admin_DJ', '8801712270383'),
('admin_DJ', '8801712282106'),
('admin_DJ', '8801712291089'),
('admin_DJ', '8801712297334'),
('admin_DJ', '8801712297846'),
('admin_DJ', '8801712345114'),
('admin_DJ', '8801712519052'),
('admin_DJ', '8801712533399'),
('admin_DJ', '8801712535682'),
('admin_DJ', '8801712540548'),
('admin_DJ', '8801712547520'),
('admin_DJ', '8801712561646'),
('admin_DJ', '8801712562180'),
('admin_DJ', '8801712576768'),
('admin_DJ', '8801712587093'),
('admin_DJ', '8801712588424'),
('admin_DJ', '8801712656867'),
('admin_DJ', '8801712665955'),
('admin_DJ', '8801712680285'),
('admin_DJ', '8801712693712'),
('admin_DJ', '8801712705666'),
('admin_DJ', '8801712715837'),
('admin_DJ', '8801712720272'),
('admin_DJ', '8801712741024'),
('admin_DJ', '8801712744098'),
('admin_DJ', '8801712760072'),
('admin_DJ', '8801712770100'),
('admin_DJ', '8801712783826'),
('admin_DJ', '8801712840243'),
('admin_DJ', '8801712863878'),
('admin_DJ', '8801712887717'),
('admin_DJ', '8801712889666'),
('admin_DJ', '8801712896337'),
('admin_DJ', '8801712908798'),
('admin_DJ', '8801712935554'),
('admin_DJ', '8801712973591'),
('admin_DJ', '8801713000764'),
('admin_DJ', '8801713000852'),
('admin_DJ', '8801713000853'),
('admin_DJ', '8801713002489'),
('admin_DJ', '8801713002551'),
('admin_DJ', '8801713002993'),
('admin_DJ', '8801713003040'),
('admin_DJ', '8801713003300'),
('admin_DJ', '8801713004931'),
('admin_DJ', '8801713004951'),
('admin_DJ', '8801713005553'),
('admin_DJ', '8801713005821'),
('admin_DJ', '8801713009387'),
('admin_DJ', '8801713009791'),
('admin_DJ', '8801713011271'),
('admin_DJ', '8801713011546'),
('admin_DJ', '8801713012325'),
('admin_DJ', '8801713012632'),
('admin_DJ', '8801713012784'),
('admin_DJ', '8801713013220'),
('admin_DJ', '8801713013355'),
('admin_DJ', '8801713013571'),
('admin_DJ', '8801713014182'),
('admin_DJ', '8801713014429'),
('admin_DJ', '8801713014549'),
('admin_DJ', '8801713014568'),
('admin_DJ', '8801713014643'),
('admin_DJ', '8801713014854'),
('admin_DJ', '8801713014873'),
('admin_DJ', '8801713015361'),
('admin_DJ', '8801713016248'),
('admin_DJ', '8801713016254'),
('admin_DJ', '8801713016258'),
('admin_DJ', '8801713016520'),
('admin_DJ', '8801713017591'),
('admin_DJ', '8801713017905'),
('admin_DJ', '8801713019124'),
('admin_DJ', '8801713019217'),
('admin_DJ', '8801713020205'),
('admin_DJ', '8801713030658'),
('admin_DJ', '8801713031279'),
('admin_DJ', '8801713031850');
INSERT INTO `grp_tbl` (`grp_id`, `mob_num`) VALUES
('admin_DJ', '8801713032305'),
('admin_DJ', '8801713032313'),
('admin_DJ', '8801713032903'),
('admin_DJ', '8801713033118'),
('admin_DJ', '8801713033316'),
('admin_DJ', '8801713034684'),
('admin_DJ', '8801713036695'),
('admin_DJ', '8801713037104'),
('admin_DJ', '8801713037456'),
('admin_DJ', '8801713037771'),
('admin_DJ', '8801713037787'),
('admin_DJ', '8801713038201'),
('admin_DJ', '8801713038436'),
('admin_DJ', '8801713038638'),
('admin_DJ', '8801713038922'),
('admin_DJ', '8801713039175'),
('admin_DJ', '8801713039365'),
('admin_DJ', '8801713039954'),
('admin_DJ', '8801713040824'),
('admin_DJ', '8801713042080'),
('admin_DJ', '8801713042208'),
('admin_DJ', '8801713043294'),
('admin_DJ', '8801713043472'),
('admin_DJ', '8801713044123'),
('admin_DJ', '8801713044993'),
('admin_DJ', '8801713045608'),
('admin_DJ', '8801713046791'),
('admin_DJ', '8801713049078'),
('admin_DJ', '8801713049694'),
('admin_DJ', '8801713049791'),
('admin_DJ', '8801713049993'),
('admin_DJ', '8801713060621'),
('admin_DJ', '8801713061000'),
('admin_DJ', '8801713062503'),
('admin_DJ', '8801713063621'),
('admin_DJ', '8801713065403'),
('admin_DJ', '8801713065741'),
('admin_DJ', '8801713066259'),
('admin_DJ', '8801713068205'),
('admin_DJ', '8801713068320'),
('admin_DJ', '8801713079300'),
('admin_DJ', '8801713081021'),
('admin_DJ', '8801713081962'),
('admin_DJ', '8801713084423'),
('admin_DJ', '8801713090326'),
('admin_DJ', '8801713090327'),
('admin_DJ', '8801713091818'),
('admin_DJ', '8801713107761'),
('admin_DJ', '8801713108607'),
('admin_DJ', '8801713114410'),
('admin_DJ', '8801713114625'),
('admin_DJ', '8801713118028'),
('admin_DJ', '8801713118488'),
('admin_DJ', '8801713120950'),
('admin_DJ', '8801713122363'),
('admin_DJ', '8801713148491'),
('admin_DJ', '8801713160508'),
('admin_DJ', '8801713165977'),
('admin_DJ', '8801713173267'),
('admin_DJ', '8801713180062'),
('admin_DJ', '8801713185262'),
('admin_DJ', '8801713201233'),
('admin_DJ', '8801713211444'),
('admin_DJ', '8801713213151'),
('admin_DJ', '8801713229174'),
('admin_DJ', '8801713147272'),
('admin_DJ', '8801713248066'),
('admin_DJ', '8801713248989'),
('admin_DJ', '8801713261635'),
('admin_DJ', '8801713263646'),
('admin_DJ', '8801713303119'),
('admin_DJ', '8801713314000'),
('admin_DJ', '8801713329895'),
('admin_DJ', '8801713332666'),
('admin_DJ', '8801713366164'),
('admin_DJ', '8801713372758'),
('admin_DJ', '8801713381280'),
('admin_DJ', '8801713386062'),
('admin_DJ', '8801713387522'),
('admin_DJ', '8801713388100'),
('admin_DJ', '8801713403604'),
('admin_DJ', '8801713408062'),
('admin_DJ', '8801713409834'),
('admin_DJ', '8801713414956'),
('admin_DJ', '8801713424660'),
('admin_DJ', '8801713451816'),
('admin_DJ', '8801713452597'),
('admin_DJ', '8801713452699'),
('admin_DJ', '8801713454444'),
('admin_DJ', '8801713456648'),
('admin_DJ', '8801713479876'),
('admin_DJ', '8801713505239'),
('admin_DJ', '8801713515433'),
('admin_DJ', '8801713516411'),
('admin_DJ', '8801713523974'),
('admin_DJ', '8801713537713'),
('admin_DJ', '8801713543936'),
('admin_DJ', '8801713575149'),
('admin_DJ', '8801713633398'),
('admin_DJ', '8801713644744'),
('admin_DJ', '8801713704470'),
('admin_DJ', '8801713933485'),
('admin_DJ', '8801713991426'),
('admin_DJ', '8801714000170'),
('admin_DJ', '8801714000176'),
('admin_DJ', '8801714000178'),
('admin_DJ', '8801714000182'),
('admin_DJ', '8801714030009'),
('admin_DJ', '8801714042011'),
('admin_DJ', '8801714042267'),
('admin_DJ', '8801714046260'),
('admin_DJ', '8801714048907'),
('admin_DJ', '8801714055921'),
('admin_DJ', '8801714059998'),
('admin_DJ', '8801714060011'),
('admin_DJ', '8801714069867'),
('admin_DJ', '8801714073640'),
('admin_DJ', '8801714075771'),
('admin_DJ', '8801714077104'),
('admin_DJ', '8801714077385'),
('admin_DJ', '8801714077421'),
('admin_DJ', '8801714085036'),
('admin_DJ', '8801714090314'),
('admin_DJ', '8801714092739'),
('admin_DJ', '8801714096870'),
('admin_DJ', '8801714098964'),
('admin_DJ', '8801714100983'),
('admin_DJ', '8801714103610'),
('admin_DJ', '8801714109367'),
('admin_DJ', '8801714112287'),
('admin_DJ', '8801714112396'),
('admin_DJ', '8801714112722'),
('admin_DJ', '8801714114101'),
('admin_DJ', '8801714114993'),
('admin_DJ', '8801714130724'),
('admin_DJ', '8801714134702'),
('admin_DJ', '8801714163278'),
('admin_DJ', '8801714207200'),
('admin_DJ', '8801714242715'),
('admin_DJ', '8801714254760'),
('admin_DJ', '8801714263600'),
('admin_DJ', '8801714269758'),
('admin_DJ', '8801714273100'),
('admin_DJ', '8801714273117'),
('admin_DJ', '8801714323895'),
('admin_DJ', '8801714377822'),
('admin_DJ', '8801714379121'),
('admin_DJ', '8801714448844'),
('admin_DJ', '8801714478857'),
('admin_DJ', '8801714496736'),
('admin_DJ', '8801714588651'),
('admin_DJ', '8801714893561'),
('admin_DJ', '8801714893567'),
('admin_DJ', '8801715000111'),
('admin_DJ', '8801715001542'),
('admin_DJ', '8801715003475'),
('admin_DJ', '8801715004018'),
('admin_DJ', '8801715004815'),
('admin_DJ', '8801715004869'),
('admin_DJ', '8801715005160'),
('admin_DJ', '8801715005351'),
('admin_DJ', '8801715005433'),
('admin_DJ', '8801715007389'),
('admin_DJ', '8801715007952'),
('admin_DJ', '8801715008942'),
('admin_DJ', '8801715009773'),
('admin_DJ', '8801715010996'),
('admin_DJ', '8801715012287'),
('admin_DJ', '8801715012575'),
('admin_DJ', '8801715013402'),
('admin_DJ', '8801715014545'),
('admin_DJ', '8801715016869'),
('admin_DJ', '8801715016910'),
('admin_DJ', '8801715024264'),
('admin_DJ', '8801715025158'),
('admin_DJ', '8801715029340'),
('admin_DJ', '8801715032050'),
('admin_DJ', '8801715035527'),
('admin_DJ', '8801715038384'),
('admin_DJ', '8801715042560'),
('admin_DJ', '8801715046833'),
('admin_DJ', '8801715049657'),
('admin_DJ', '8801715054553'),
('admin_DJ', '8801715055150'),
('admin_DJ', '8801715061076'),
('admin_DJ', '8801715061376'),
('admin_DJ', '8801715066800'),
('admin_DJ', '8801715067199'),
('admin_DJ', '8801715068977'),
('admin_DJ', '8801715080908'),
('admin_DJ', '8801715087155'),
('admin_DJ', '8801715087198'),
('admin_DJ', '8801715089636'),
('admin_DJ', '8801715098885'),
('admin_DJ', '8801715105057'),
('admin_DJ', '8801715115480'),
('admin_DJ', '8801715111922'),
('admin_DJ', '8801715123901'),
('admin_DJ', '8801715130009'),
('admin_DJ', '8801715130181'),
('admin_DJ', '8801715132250'),
('admin_DJ', '8801715134795'),
('admin_DJ', '8801715135500'),
('admin_DJ', '8801715150430'),
('admin_DJ', '8801715151966'),
('admin_DJ', '8801715153665'),
('admin_DJ', '8801715157477'),
('admin_DJ', '8801715161160'),
('admin_DJ', '8801715179171'),
('admin_DJ', '8801715180680'),
('admin_DJ', '8801715197577'),
('admin_DJ', '8801715201100'),
('admin_DJ', '8801715222208'),
('admin_DJ', '8801715226366'),
('admin_DJ', '8801715229915'),
('admin_DJ', '8801715238449'),
('admin_DJ', '8801715253718'),
('admin_DJ', '8801715280205'),
('admin_DJ', '8801715285550'),
('admin_DJ', '8801715287591'),
('admin_DJ', '8801715298222'),
('admin_DJ', '8801715339892'),
('admin_DJ', '8801715340959'),
('admin_DJ', '8801715342273'),
('admin_DJ', '8801715348742'),
('admin_DJ', '8801715361089'),
('admin_DJ', '8801715366644'),
('admin_DJ', '8801715404666'),
('admin_DJ', '8801715405635'),
('admin_DJ', '8801715411314'),
('admin_DJ', '8801715416399'),
('admin_DJ', '8801715431732'),
('admin_DJ', '8801715437769'),
('admin_DJ', '8801715447861'),
('admin_DJ', '8801715470057'),
('admin_DJ', '8801715470062'),
('admin_DJ', '8801715477554'),
('admin_DJ', '8801715478625'),
('admin_DJ', '8801715478857'),
('admin_DJ', '8801715485577'),
('admin_DJ', '8801715492199'),
('admin_DJ', '8801715522524'),
('admin_DJ', '8801715522755'),
('admin_DJ', '8801715542277'),
('admin_DJ', '8801715544329'),
('admin_DJ', '8801715583170'),
('admin_DJ', '8801715596464'),
('admin_DJ', '8801715623128'),
('admin_DJ', '8801715659817'),
('admin_DJ', '8801715667717'),
('admin_DJ', '8801715667744'),
('admin_DJ', '8801715689649'),
('admin_DJ', '8801715704472'),
('admin_DJ', '8801715724092'),
('admin_DJ', '8801715730181'),
('admin_DJ', '8801716431313'),
('admin_DJ', '8801720045760'),
('admin_DJ', '8801733652668'),
('admin_DJ', '8801727242145'),
('admin_DJ', '8801738325348'),
('admin_DJ', '8801730000422'),
('admin_DJ', '8801742383115'),
('admin_DJ', '8801731694619'),
('admin_DJ', '8801911546655'),
('admin_DJ', '8801732561619'),
('admin_DJ', '8801912944900'),
('admin_DJ', '8801733557811'),
('admin_DJ', '8801914549989'),
('admin_DJ', '8801738110000'),
('admin_DJ', '8801920883284'),
('admin_DJ', '8801813333029'),
('admin_DJ', '8801921491768'),
('admin_DJ', '8801814412978'),
('admin_DJ', '8801613443883'),
('admin_DJ', '8801816020965'),
('admin_DJ', '8801819182157'),
('admin_DJ', '8801671990692'),
('admin_DJ', '8801819225528'),
('admin_DJ', '8801710925829'),
('admin_DJ', '8801819227354'),
('admin_DJ', '8801711139007'),
('admin_DJ', '8801822884487'),
('admin_DJ', '8801711165408'),
('admin_DJ', '8801911316946'),
('admin_DJ', '8801711197590'),
('admin_DJ', '8801911386614'),
('admin_DJ', '8801711237777'),
('admin_DJ', '8801911447923'),
('admin_DJ', '8801711377105'),
('admin_DJ', '8801913075847'),
('admin_DJ', '8801711432339'),
('admin_DJ', '8801917166235'),
('admin_DJ', '8801711476089'),
('admin_DJ', '8801920881060'),
('admin_DJ', '8801711532825'),
('admin_DJ', '8801924702285'),
('admin_DJ', '8801711540203'),
('admin_DJ', '8801973438606'),
('admin_DJ', '8801711547056'),
('admin_DJ', '8801977480777'),
('admin_DJ', '8801711562033'),
('admin_DJ', '8801711566633'),
('admin_DJ', '8801711567401'),
('admin_DJ', '8801711661403'),
('admin_DJ', '8801711841681'),
('admin_DJ', '8801712022296'),
('admin_DJ', '8801712631953'),
('admin_DJ', '8801712903884'),
('admin_DJ', '8801713001730'),
('admin_DJ', '8801713021575'),
('admin_DJ', '8801713027500'),
('admin_DJ', '8801713062548'),
('admin_DJ', '8801713081021'),
('admin_DJ', '8801713366164'),
('admin_DJ', '8801714042260'),
('admin_DJ', '8801714478467'),
('admin_DJ', '8801714487369'),
('admin_DJ', '8801715031026'),
('admin_DJ', '8801715061376'),
('admin_DJ', '8801715886077'),
('admin_DJ', '8801716994994'),
('admin_DJ', '8801719021251'),
('admin_DJ', '8801726722375'),
('admin_DJ', '8801726851502'),
('admin_DJ', '8801727221618'),
('admin_DJ', '8801680773444'),
('admin_DJ', '8801916801119'),
('admin_DJ nw', '8801911302079'),
('admin_DJ nw', '8801911311133'),
('admin_DJ nw', '8801911316891'),
('admin_DJ nw', '8801911322957'),
('admin_DJ nw', '8801911340203'),
('admin_DJ nw', '8801911341834'),
('admin_DJ nw', '8801911344602'),
('admin_DJ nw', '8801911344604'),
('admin_DJ nw', '8801911349459'),
('admin_DJ nw', '8801911352125'),
('admin_DJ nw', '8801911353182'),
('admin_DJ nw', '8801911354804'),
('admin_DJ nw', '8801911357811'),
('admin_DJ nw', '8801911360166'),
('admin_DJ nw', '8801911366080'),
('admin_DJ nw', '8801911373427'),
('admin_DJ nw', '8801911386614'),
('admin_DJ nw', '8801911386707'),
('admin_DJ nw', '8801911387001'),
('admin_DJ nw', '8801911393315'),
('admin_DJ nw', '8801911419044'),
('admin_DJ nw', '8801911447923'),
('admin_DJ nw', '8801911483914'),
('admin_DJ nw', '8801911485584'),
('admin_DJ nw', '8801911496909'),
('admin_DJ nw', '8801911497192'),
('admin_DJ nw', '8801911531556'),
('admin_DJ nw', '8801911543284'),
('admin_DJ nw', '8801911559478'),
('admin_DJ nw', '8801911628406'),
('admin_DJ nw', '8801911645920'),
('admin_DJ nw', '8801911776972'),
('admin_DJ nw', '8801911886639'),
('admin_DJ nw', '8801911925820'),
('admin_DJ nw', '8801911935126'),
('admin_DJ nw', '8801911987204'),
('admin_DJ nw', '8801912012555'),
('admin_DJ nw', '8801912162823'),
('admin_DJ nw', '8801912165697'),
('admin_DJ nw', '8801912206655'),
('admin_DJ nw', '8801912228716'),
('admin_DJ nw', '8801912517568'),
('admin_DJ nw', '8801912530049'),
('admin_DJ nw', '8801912707746'),
('admin_DJ nw', '8801912718475'),
('admin_DJ nw', '8801912883959'),
('admin_DJ nw', '8801912943806'),
('admin_DJ nw', '8801913001133'),
('admin_DJ nw', '8801913001177'),
('admin_DJ nw', '8801913022007'),
('admin_DJ nw', '8801913024715'),
('admin_DJ nw', '8801913066603'),
('admin_DJ nw', '8801913125122'),
('admin_DJ nw', '8801913146674'),
('admin_DJ nw', '8801913189859'),
('admin_DJ nw', '8801913271155'),
('admin_DJ nw', '8801913271166'),
('admin_DJ nw', '8801913293573'),
('admin_DJ nw', '8801913327115'),
('admin_DJ nw', '8801913378430'),
('admin_DJ nw', '8801913423169'),
('admin_DJ nw', '8801913441644'),
('admin_DJ nw', '8801913447668'),
('admin_DJ nw', '8801913464020'),
('admin_DJ nw', '8801913627847'),
('admin_DJ nw', '8801913646417'),
('admin_DJ nw', '8801913783988'),
('admin_DJ nw', '8801913845011'),
('admin_DJ nw', '8801913859319'),
('admin_DJ nw', '8801914250250'),
('admin_DJ nw', '8801914344944'),
('admin_DJ nw', '8801914368220'),
('admin_DJ nw', '8801914388892'),
('admin_DJ nw', '8801914405060'),
('admin_DJ nw', '8801914437931'),
('admin_DJ nw', '8801914491128'),
('admin_DJ nw', '8801914559658'),
('admin_DJ nw', '8801914588892'),
('admin_DJ nw', '8801914680130'),
('admin_DJ nw', '8801914714254'),
('admin_DJ nw', '8801914725747'),
('admin_DJ nw', '8801914730839'),
('admin_DJ nw', '8801914805822'),
('admin_DJ nw', '8801914829292'),
('admin_DJ nw', '8801914849066'),
('admin_DJ nw', '8801914877034'),
('admin_DJ nw', '8801914880630'),
('admin_DJ nw', '8801914903855'),
('admin_DJ nw', '8801915000099'),
('admin_DJ nw', '8801915007389'),
('admin_DJ nw', '8801915228076'),
('admin_DJ nw', '8801915379953'),
('admin_DJ nw', '8801915398957'),
('admin_DJ nw', '8801915428866'),
('admin_DJ nw', '8801915441087'),
('admin_DJ nw', '8801915617936'),
('admin_DJ nw', '8801915638331'),
('admin_DJ nw', '8801915681379'),
('admin_DJ nw', '8801915686055'),
('admin_DJ nw', '8801915692273'),
('admin_DJ nw', '8801915711406'),
('admin_DJ nw', '8801915722532'),
('admin_DJ nw', '8801915829160'),
('admin_DJ nw', '8801915911211'),
('admin_DJ nw', '8801916048358'),
('admin_DJ nw', '8801916050655'),
('admin_DJ nw', '8801916165546'),
('admin_DJ nw', '8801916166986'),
('admin_DJ nw', '8801916504296'),
('admin_DJ nw', '8801916544404'),
('admin_DJ nw', '8801916576287'),
('admin_DJ nw', '8801916636000'),
('admin_DJ nw', '8801916702216'),
('admin_DJ nw', '8801916703329'),
('admin_DJ nw', '8801916708133'),
('admin_DJ nw', '8801916711929'),
('admin_DJ nw', '8801916745150'),
('admin_DJ nw', '8801916760643'),
('admin_DJ nw', '8801916762506'),
('admin_DJ nw', '8801916825275'),
('admin_DJ nw', '8801916825285'),
('admin_DJ nw', '8801916948780'),
('admin_DJ nw', '8801916948788'),
('admin_DJ nw', '8801917041477'),
('admin_DJ nw', '8801917189557'),
('admin_DJ nw', '8801917285892'),
('admin_DJ nw', '8801917306053'),
('admin_DJ nw', '8801917334876'),
('admin_DJ nw', '8801917708082'),
('admin_DJ nw', '8801917733756'),
('admin_DJ nw', '8801917871228'),
('admin_DJ nw', '8801918114262'),
('admin_DJ nw', '8801918210681'),
('admin_DJ nw', '8801918422343'),
('admin_DJ nw', '8801918466270'),
('admin_DJ nw', '8801918540576'),
('admin_DJ nw', '8801918836381'),
('admin_DJ nw', '8801918921138'),
('admin_DJ nw', '8801918922844'),
('admin_DJ nw', '8801918938902'),
('admin_DJ nw', '8801918946146'),
('admin_DJ nw', '8801918998875'),
('admin_DJ nw', '8801919030009'),
('admin_DJ nw', '8801919060606'),
('admin_DJ nw', '8801919298343'),
('admin_DJ nw', '8801919481752'),
('admin_DJ nw', '8801919666616'),
('admin_DJ nw', '8801920080747'),
('admin_DJ nw', '8801920327193'),
('admin_DJ nw', '8801920475091'),
('admin_DJ nw', '8801920483195'),
('admin_DJ nw', '8801920795548'),
('admin_DJ nw', '8801920801958'),
('admin_DJ nw', '8801920812630'),
('admin_DJ nw', '8801920938638'),
('admin_DJ nw', '8801920991823'),
('admin_DJ nw', '8801920992737'),
('admin_DJ nw', '8801921024900'),
('admin_DJ nw', '8801921024977'),
('admin_DJ nw', '8801921104755'),
('admin_DJ nw', '8801921300828'),
('admin_DJ nw', '8801921358125'),
('admin_DJ nw', '8801921364340'),
('admin_DJ nw', '8801921365007'),
('admin_DJ nw', '8801921454532'),
('admin_DJ nw', '8801921488840'),
('admin_DJ nw', '8801921514122'),
('admin_DJ nw', '8801921748585'),
('admin_DJ nw', '8801921748586'),
('admin_DJ nw', '8801921797078'),
('admin_DJ nw', '8801922001084'),
('admin_DJ nw', '8801922173959'),
('admin_DJ nw', '8801922174670'),
('admin_DJ nw', '8801922192233'),
('admin_DJ nw', '8801922245599'),
('admin_DJ nw', '8801922299247'),
('admin_DJ nw', '8801922505102'),
('admin_DJ nw', '8801922526987'),
('admin_DJ nw', '8801922530049'),
('admin_DJ nw', '8801922596415'),
('admin_DJ nw', '8801922606707'),
('admin_DJ nw', '8801922720344'),
('admin_DJ nw', '8801922866621'),
('admin_DJ nw', '8801923000103'),
('admin_DJ nw', '8801923001949'),
('admin_DJ nw', '8801923062287'),
('admin_DJ nw', '8801923224306'),
('admin_DJ nw', '8801923275755'),
('admin_DJ nw', '8801923438090'),
('admin_DJ nw', '8801923509949'),
('admin_DJ nw', '8801923515038'),
('admin_DJ nw', '8801923518081'),
('admin_DJ nw', '8801923525929'),
('admin_DJ nw', '8801924002959'),
('admin_DJ nw', '8801924004365'),
('admin_DJ nw', '8801924004604'),
('admin_DJ nw', '8801924008505'),
('admin_DJ nw', '8801924008506'),
('admin_DJ nw', '8801924534226'),
('admin_DJ nw', '8801924558334'),
('admin_DJ nw', '8801924725946'),
('admin_DJ nw', '8801924733915'),
('admin_DJ nw', '8801924743192'),
('admin_DJ nw', '8801924805441'),
('admin_DJ nw', '8801924830453'),
('admin_DJ nw', '8801924831926'),
('admin_DJ nw', '8801925903959'),
('admin_DJ nw', '8801926005631'),
('admin_DJ nw', '8801926048228'),
('admin_DJ nw', '8801926048248'),
('admin_DJ nw', '8801926050655'),
('admin_DJ nw', '8801926265547'),
('admin_DJ nw', '8801926266106'),
('admin_DJ nw', '8801926600049'),
('admin_DJ nw', '8801926671604'),
('admin_DJ nw', '8801926671607'),
('admin_DJ nw', '8801926682660'),
('admin_DJ nw', '8801926752579'),
('admin_DJ nw', '8801927243804'),
('admin_DJ nw', '8801927326684'),
('admin_DJ nw', '8801927458007'),
('admin_DJ nw', '8801927767044'),
('admin_DJ nw', '8801928596312'),
('admin_DJ nw', '8801928596316'),
('admin_DJ nw', '8801928963869'),
('admin_DJ nw', '8801928969979'),
('admin_DJ nw', '8801929027470'),
('admin_DJ nw', '8801929332507'),
('admin_DJ nw', '8801929349185'),
('admin_DJ nw', '8801929563545'),
('admin_DJ nw', '8801929737855'),
('admin_DJ nw', '8801929766826'),
('admin_DJ nw', '8801929882944'),
('admin_DJ nw', '8801930074933'),
('admin_DJ nw', '8801930075933'),
('admin_DJ nw', '8801930206828'),
('admin_DJ nw', '8801930742866'),
('admin_DJ nw', '8801931100982'),
('admin_DJ nw', '8801931162435'),
('admin_DJ nw', '8801931210121'),
('admin_DJ nw', '8801931381411'),
('admin_DJ nw', '8801931409151'),
('admin_DJ nw', '8801933322179'),
('admin_DJ nw', '8801937040840'),
('admin_DJ nw', '8801937041561'),
('admin_DJ nw', '8801937080839'),
('admin_DJ nw', '8801937672803'),
('admin_DJ nw', '8801937844596'),
('admin_DJ nw', '8801937845496'),
('admin_DJ nw', '8801948724250'),
('admin_DJ nw', '8801971536839'),
('admin_DJ nw', '8801972387320'),
('admin_DJ nw', '8801972480668'),
('admin_DJ nw', '8801973001971'),
('admin_DJ nw', '8801973005642'),
('admin_DJ nw', '8801973039954'),
('admin_DJ nw', '8801979229008'),
('admin_DJ nw', '8801991853088'),
('admin_DJ nw', '8801190144803'),
('admin_DJ nw', '8801190693783'),
('admin_DJ nw', '8801191313738'),
('admin_DJ nw', '8801191385424'),
('admin_DJ nw', '8801191568871'),
('admin_DJ nw', '8801191595341'),
('admin_DJ nw', '8801192334872'),
('admin_DJ nw', '8801195224580'),
('admin_DJ nw', '8801196142387'),
('admin_DJ nw', '8801199092448'),
('admin_DJ nw', '8801199111150'),
('admin_DJ nw', '8801199121547'),
('admin_DJ nw', '8801199198265'),
('admin_DJ nw', '8801199340716'),
('admin_DJ nw', '8801199435419'),
('admin_DJ nw', '8801199480509'),
('admin_DJ nw', '8801199800512'),
('admin_DJ nw', '8801199802316'),
('admin_DJ nw', '8801199802582'),
('admin_DJ nw', '8801199806687'),
('admin_DJ nw', '8801199809440'),
('admin_DJ nw', '8801199827272'),
('admin_DJ nw', '8801199836665'),
('admin_DJ nw', '8801199845981'),
('admin_DJ nw', '8801199847164'),
('admin_DJ nw', '8801199850133'),
('admin_DJ nw', '8801199850808'),
('admin_DJ nw', '8801199855459'),
('admin_DJ nw', '8801199855830'),
('admin_DJ nw', '8801199856270'),
('admin_DJ nw', '8801199859729'),
('admin_DJ nw', '8801550153650'),
('admin_DJ nw', '8801552101010'),
('admin_DJ nw', '8801552322180'),
('admin_DJ nw', '8801552323922'),
('admin_DJ nw', '8801552324574'),
('admin_DJ nw', '8801552345147'),
('admin_DJ nw', '8801552347757'),
('admin_DJ nw', '8801552353442'),
('admin_DJ nw', '8801552364424'),
('admin_DJ nw', '8801552385281'),
('admin_DJ nw', '8801552396849'),
('admin_DJ nw', '8801552407000'),
('admin_DJ nw', '8801552410442'),
('admin_DJ nw', '8801552417026'),
('admin_DJ nw', '8801552420113'),
('admin_DJ nw', '8801552421338'),
('admin_DJ nw', '8801552432451'),
('admin_DJ nw', '8801552460131'),
('admin_DJ nw', '8801552480668'),
('admin_DJ nw', '8801552488840'),
('admin_DJ nw', '8801552543019'),
('admin_DJ nw', '8801556363632'),
('admin_DJ nw', '8801556632429'),
('admin_DJ nw', '8801557140035'),
('admin_DJ nw', '8801611302003'),
('admin_DJ nw', '8801614385238'),
('admin_DJ nw', '8801618077014'),
('admin_DJ nw', '8801619259463'),
('admin_DJ nw', '8801670022700'),
('admin_DJ nw', '8801670364226'),
('admin_DJ nw', '8801670554481'),
('admin_DJ nw', '8801670805539'),
('admin_DJ nw', '8801671133491'),
('admin_DJ nw', '8801671139448'),
('admin_DJ nw', '8801671380347'),
('admin_DJ nw', '8801671742435'),
('admin_DJ nw', '8801671768415'),
('admin_DJ nw', '8801671984221'),
('admin_DJ nw', '8801671992595'),
('admin_DJ nw', '8801672020069'),
('admin_DJ nw', '8801672092443'),
('admin_DJ nw', '8801672121729'),
('admin_DJ nw', '8801672263719'),
('admin_DJ nw', '8801672480165'),
('admin_DJ nw', '8801672792126'),
('admin_DJ nw', '8801672795214'),
('admin_DJ nw', '8801673051165'),
('admin_DJ nw', '8801673181834'),
('admin_DJ nw', '8801673307279'),
('admin_DJ nw', '8801673402224'),
('admin_DJ nw', '8801673605716'),
('admin_DJ nw', '8801673618172'),
('admin_DJ nw', '8801673649713'),
('admin_DJ nw', '8801673780363'),
('admin_DJ nw', '8801673877908'),
('admin_DJ nw', '8801673948094'),
('admin_DJ nw', '8801674058897'),
('admin_DJ nw', '8801674084500'),
('admin_DJ nw', '8801674279913'),
('admin_DJ nw', '8801674295492'),
('admin_DJ nw', '8801674493478'),
('admin_DJ nw', '8801674599613'),
('admin_DJ nw', '8801674615370'),
('admin_DJ nw', '8801674795598'),
('admin_DJ nw', '8801674830792'),
('admin_DJ nw', '8801674838221'),
('admin_DJ nw', '8801674915821'),
('admin_DJ nw', '8801675109363'),
('admin_DJ nw', '8801675368650'),
('admin_DJ nw', '8801675738080'),
('admin_DJ nw', '8801675894428'),
('admin_DJ nw', '8801676045046'),
('admin_DJ nw', '8801678086915'),
('admin_DJ nw', '8801678101301'),
('admin_DJ nw', '8801678131264'),
('admin_DJ nw', '8801678136465'),
('admin_DJ nw', '8801678140040'),
('admin_DJ nw', '8801678143142'),
('admin_DJ nw', '8801678169979'),
('admin_DJ nw', '8801710396486'),
('admin_DJ nw', '8801710501127'),
('admin_DJ nw', '8801710812548'),
('admin_DJ nw', '8801710829976'),
('admin_DJ nw', '8801710845337'),
('admin_DJ nw', '8801710855039'),
('admin_DJ nw', '8801710912353'),
('admin_DJ nw', '8801711000444'),
('admin_DJ nw', '8801711020206'),
('admin_DJ nw', '8801711025460'),
('admin_DJ nw', '8801711025466'),
('admin_DJ nw', '8801711026336'),
('admin_DJ nw', '8801711034187'),
('admin_DJ nw', '8801711039963'),
('admin_DJ nw', '8801711043269'),
('admin_DJ nw', '8801711050140'),
('admin_DJ nw', '8801711054218'),
('admin_DJ nw', '8801711056561'),
('admin_DJ nw', '8801711080546'),
('admin_DJ nw', '8801711080753'),
('admin_DJ nw', '8801711081145'),
('admin_DJ nw', '8801711107058'),
('admin_DJ nw', '8801711108564'),
('admin_DJ nw', '8801711109192'),
('admin_DJ nw', '8801711123087'),
('admin_DJ nw', '8801711124120'),
('admin_DJ nw', '8801711124223'),
('admin_DJ nw', '8801711126349'),
('admin_DJ nw', '8801711130469'),
('admin_DJ nw', '8801711147998'),
('admin_DJ nw', '8801711153293'),
('admin_DJ nw', '8801711163964'),
('admin_DJ nw', '8801711167642'),
('admin_DJ nw', '8801711168835'),
('admin_DJ nw', '8801711173373'),
('admin_DJ nw', '8801711175468'),
('admin_DJ nw', '8801711180618'),
('admin_DJ nw', '8801711180804'),
('admin_DJ nw', '8801711181525'),
('admin_DJ nw', '8801711182405'),
('admin_DJ nw', '8801711191474'),
('admin_DJ nw', '8801711194500'),
('admin_DJ nw', '8801711201803'),
('admin_DJ nw', '8801711201976'),
('admin_DJ nw', '8801711205895'),
('admin_DJ nw', '8801711224030'),
('admin_DJ nw', '8801711226328'),
('admin_DJ nw', '8801711230584'),
('admin_DJ nw', '8801711239380'),
('admin_DJ nw', '8801711264444'),
('admin_DJ nw', '8801711264855'),
('admin_DJ nw', '8801711273235'),
('admin_DJ nw', '8801711282095'),
('admin_DJ nw', '8801711286376'),
('admin_DJ nw', '8801711301182'),
('admin_DJ nw', '8801711312067'),
('admin_DJ nw', '8801711313544'),
('admin_DJ nw', '8801711313928'),
('admin_DJ nw', '8801711317338'),
('admin_DJ nw', '8801711318000'),
('admin_DJ nw', '8801711323723'),
('admin_DJ nw', '8801711323787'),
('admin_DJ nw', '8801711324959'),
('admin_DJ nw', '8801711326185'),
('admin_DJ nw', '8801711327018'),
('admin_DJ nw', '8801711329703'),
('admin_DJ nw', '8801711333480'),
('admin_DJ nw', '8801711334379'),
('admin_DJ nw', '8801711338106'),
('admin_DJ nw', '8801711342192'),
('admin_DJ nw', '8801711342335'),
('admin_DJ nw', '8801711344358'),
('admin_DJ nw', '8801711346496'),
('admin_DJ nw', '8801711348117'),
('admin_DJ nw', '8801711348328'),
('admin_DJ nw', '8801711352564'),
('admin_DJ nw', '8801711353113'),
('admin_DJ nw', '8801711354901'),
('admin_DJ nw', '8801711355352'),
('admin_DJ nw', '8801711355731'),
('admin_DJ nw', '8801711359540'),
('admin_DJ nw', '8801711359698'),
('admin_DJ nw', '8801711363067'),
('admin_DJ nw', '8801711363137'),
('admin_DJ nw', '8801711368447'),
('admin_DJ nw', '8801711376404'),
('admin_DJ nw', '8801711381465'),
('admin_DJ nw', '8801711381571'),
('admin_DJ nw', '8801711386295'),
('admin_DJ nw', '8801711387634'),
('admin_DJ nw', '8801711390007'),
('admin_DJ nw', '8801711390794'),
('admin_DJ nw', '8801711394659'),
('admin_DJ nw', '8801711394935'),
('admin_DJ nw', '8801711401630'),
('admin_DJ nw', '8801711407502'),
('admin_DJ nw', '8801711421374'),
('admin_DJ nw', '8801711432339'),
('admin_DJ nw', '8801711434657'),
('admin_DJ nw', '8801711443324'),
('admin_DJ nw', '8801711451158'),
('admin_DJ nw', '8801711451527'),
('admin_DJ nw', '8801711451529'),
('admin_DJ nw', '8801711453902'),
('admin_DJ nw', '8801711454846'),
('admin_DJ nw', '8801711455502'),
('admin_DJ nw', '8801711456520'),
('admin_DJ nw', '8801711463108'),
('admin_DJ nw', '8801711464477'),
('admin_DJ nw', '8801711465485'),
('admin_DJ nw', '8801711472011'),
('admin_DJ nw', '8801711472827'),
('admin_DJ nw', '8801711485870'),
('admin_DJ nw', '8801711489113'),
('admin_DJ nw', '8801711520208'),
('admin_DJ nw', '8801711520297'),
('admin_DJ nw', '8801711520329'),
('admin_DJ nw', '8801711520799'),
('admin_DJ nw', '8801711520990'),
('admin_DJ nw', '8801711521407'),
('admin_DJ nw', '8801711521559'),
('admin_DJ nw', '8801711521751'),
('admin_DJ nw', '8801711522369'),
('admin_DJ nw', '8801711522704'),
('admin_DJ nw', '8801711522732'),
('admin_DJ nw', '8801711522875'),
('admin_DJ nw', '8801711523009'),
('admin_DJ nw', '8801711523821'),
('admin_DJ nw', '8801711524024'),
('admin_DJ nw', '8801711524894'),
('admin_DJ nw', '8801711524951'),
('admin_DJ nw', '8801711525220'),
('admin_DJ nw', '8801711525832'),
('admin_DJ nw', '8801711525967'),
('admin_DJ nw', '8801711526289'),
('admin_DJ nw', '8801711526458'),
('admin_DJ nw', '8801711526516'),
('admin_DJ nw', '8801711526629'),
('admin_DJ nw', '8801711527353'),
('admin_DJ nw', '8801711527692'),
('admin_DJ nw', '8801711527772'),
('admin_DJ nw', '8801711527854'),
('admin_DJ nw', '8801711527916'),
('admin_DJ nw', '8801711528076'),
('admin_DJ nw', '8801711528277'),
('admin_DJ nw', '8801711528332'),
('admin_DJ nw', '8801711528351'),
('admin_DJ nw', '8801711528451'),
('admin_DJ nw', '8801711528492'),
('admin_DJ nw', '8801711529451'),
('admin_DJ nw', '8801711529507'),
('admin_DJ nw', '8801711530410'),
('admin_DJ nw', '8801711530665'),
('admin_DJ nw', '8801711530780'),
('admin_DJ nw', '8801711531006'),
('admin_DJ nw', '8801711531012'),
('admin_DJ nw', '8801711531019'),
('admin_DJ nw', '8801711531258'),
('admin_DJ nw', '8801711531685'),
('admin_DJ nw', '8801711532557'),
('admin_DJ nw', '8801711533229'),
('admin_DJ nw', '8801711533351'),
('admin_DJ nw', '8801711533870'),
('admin_DJ nw', '8801711534663'),
('admin_DJ nw', '8801711534716'),
('admin_DJ nw', '8801711534795'),
('admin_DJ nw', '8801711534904'),
('admin_DJ nw', '8801711535051'),
('admin_DJ nw', '8801711535270'),
('admin_DJ nw', '8801711535510'),
('admin_DJ nw', '8801711535653'),
('admin_DJ nw', '8801711536395'),
('admin_DJ nw', '8801711536455'),
('admin_DJ nw', '8801711536475'),
('admin_DJ nw', '8801711536605'),
('admin_DJ nw', '8801711536619'),
('admin_DJ nw', '8801711536717'),
('admin_DJ nw', '8801711537293'),
('admin_DJ nw', '8801711537348'),
('admin_DJ nw', '8801711537382'),
('admin_DJ nw', '8801711537992'),
('admin_DJ nw', '8801711538408'),
('admin_DJ nw', '8801711538440'),
('admin_DJ nw', '8801711538573'),
('admin_DJ nw', '8801711538771'),
('admin_DJ nw', '8801711539223'),
('admin_DJ nw', '8801711540002'),
('admin_DJ nw', '8801711540063'),
('admin_DJ nw', '8801711540108'),
('admin_DJ nw', '8801711540206'),
('admin_DJ nw', '8801711540312'),
('admin_DJ nw', '8801711540361'),
('admin_DJ nw', '8801711540439'),
('admin_DJ nw', '8801711540986'),
('admin_DJ nw', '8801711541060'),
('admin_DJ nw', '8801711542025'),
('admin_DJ nw', '8801711542162'),
('admin_DJ nw', '8801711542445'),
('admin_DJ nw', '8801711542449'),
('admin_DJ nw', '8801711544131'),
('admin_DJ nw', '8801711544570'),
('admin_DJ nw', '8801711544653'),
('admin_DJ nw', '8801711546622'),
('admin_DJ nw', '8801711546684'),
('admin_DJ nw', '8801711546867'),
('admin_DJ nw', '8801711547256'),
('admin_DJ nw', '8801711547536'),
('admin_DJ nw', '8801711548000'),
('admin_DJ nw', '8801711548158'),
('admin_DJ nw', '8801711548483'),
('admin_DJ nw', '8801711548990'),
('admin_DJ nw', '8801711549040'),
('admin_DJ nw', '8801711549510'),
('admin_DJ nw', '8801711549682'),
('admin_DJ nw', '8801711549946'),
('admin_DJ nw', '8801711549992'),
('admin_DJ nw', '8801711550507'),
('admin_DJ nw', '8801711560550'),
('admin_DJ nw', '8801711561334'),
('admin_DJ nw', '8801711561407'),
('admin_DJ nw', '8801711562033'),
('admin_DJ nw', '8801711562360'),
('admin_DJ nw', '8801711563036'),
('admin_DJ nw', '8801711563347'),
('admin_DJ nw', '8801711565719'),
('admin_DJ nw', '8801711565799'),
('admin_DJ nw', '8801711567228'),
('admin_DJ nw', '8801711568330'),
('admin_DJ nw', '8801711568503'),
('admin_DJ nw', '8801711568568'),
('admin_DJ nw', '8801711568625'),
('admin_DJ nw', '8801711568716'),
('admin_DJ nw', '8801711570619'),
('admin_DJ nw', '8801711571009'),
('admin_DJ nw', '8801711574402'),
('admin_DJ nw', '8801711580465'),
('admin_DJ nw', '8801711590014'),
('admin_DJ nw', '8801711591131'),
('admin_DJ nw', '8801711591326'),
('admin_DJ nw', '8801711593214'),
('admin_DJ nw', '8801711593367'),
('admin_DJ nw', '8801711593603'),
('admin_DJ nw', '8801711594032'),
('admin_DJ nw', '8801711595970'),
('admin_DJ nw', '8801711595985'),
('admin_DJ nw', '8801711599045'),
('admin_DJ nw', '8801711603530'),
('admin_DJ nw', '8801711607433'),
('admin_DJ nw', '8801711610078'),
('admin_DJ nw', '8801711610079'),
('admin_DJ nw', '8801711612300'),
('admin_DJ nw', '8801711619044'),
('admin_DJ nw', '8801711619499'),
('admin_DJ nw', '8801711620429'),
('admin_DJ nw', '8801711623532'),
('admin_DJ nw', '8801711623891'),
('admin_DJ nw', '8801711624727'),
('admin_DJ nw', '8801711626264'),
('admin_DJ nw', '8801711632757'),
('admin_DJ nw', '8801711636129'),
('admin_DJ nw', '8801711637901'),
('admin_DJ nw', '8801711642101'),
('admin_DJ nw', '8801711642388'),
('admin_DJ nw', '8801711642748'),
('admin_DJ nw', '8801711642757'),
('admin_DJ nw', '8801711643397'),
('admin_DJ nw', '8801711647979'),
('admin_DJ nw', '8801711648004'),
('admin_DJ nw', '8801711661403'),
('admin_DJ nw', '8801711661486'),
('admin_DJ nw', '8801711661881'),
('admin_DJ nw', '8801711655356'),
('admin_DJ nw', '8801711666691'),
('admin_DJ nw', '8801711666692'),
('admin_DJ nw', '8801711670906'),
('admin_DJ nw', '8801711682057'),
('admin_DJ nw', '8801711687829'),
('admin_DJ nw', '8801711688679'),
('admin_DJ nw', '8801711689438'),
('admin_DJ nw', '8801711692345'),
('admin_DJ nw', '8801711695359'),
('admin_DJ nw', '8801711703737'),
('admin_DJ nw', '8801711720952'),
('admin_DJ nw', '8801711731104'),
('admin_DJ nw', '8801711733649'),
('admin_DJ nw', '8801711734878'),
('admin_DJ nw', '8801711739298'),
('admin_DJ nw', '8801711749636'),
('admin_DJ nw', '8801711787898'),
('admin_DJ nw', '8801711800272'),
('admin_DJ nw', '8801711811024'),
('admin_DJ nw', '8801711811645'),
('admin_DJ nw', '8801711816237'),
('admin_DJ nw', '8801711841718'),
('admin_DJ nw', '8801711842266'),
('admin_DJ nw', '8801711849735'),
('admin_DJ nw', '8801711852126'),
('admin_DJ nw', '8801711853259'),
('admin_DJ nw', '8801711859764'),
('admin_DJ nw', '8801711862222'),
('admin_DJ nw', '8801711863592'),
('admin_DJ nw', '8801711866794'),
('admin_DJ nw', '8801711866910'),
('admin_DJ nw', '8801711887702'),
('admin_DJ nw', '8801711887703'),
('admin_DJ nw', '8801711887706'),
('admin_DJ nw', '8801711887709'),
('admin_DJ nw', '8801711887713'),
('admin_DJ nw', '8801711891860'),
('admin_DJ nw', '8801711900980'),
('admin_DJ nw', '8801711906912'),
('admin_DJ nw', '8801711906959'),
('admin_DJ nw', '8801711908313'),
('admin_DJ nw', '8801711909666'),
('admin_DJ nw', '8801711932476'),
('admin_DJ nw', '8801711934379'),
('admin_DJ nw', '8801711938818'),
('admin_DJ nw', '8801711947434'),
('admin_DJ nw', '8801711956443'),
('admin_DJ nw', '8801711956644'),
('admin_DJ nw', '8801711986287'),
('admin_DJ nw', '8801711986777'),
('admin_DJ nw', '8801712007827'),
('admin_DJ nw', '8801712009828'),
('admin_DJ nw', '8801712013007'),
('admin_DJ nw', '8801712013087'),
('admin_DJ nw', '8801712015609'),
('admin_DJ nw', '8801712019129'),
('admin_DJ nw', '8801712022744'),
('admin_DJ nw', '8801712026872'),
('admin_DJ nw', '8801712039500'),
('admin_DJ nw', '8801712044882'),
('admin_DJ nw', '8801712052591'),
('admin_DJ nw', '8801712081843'),
('admin_DJ nw', '8801712106131'),
('admin_DJ nw', '8801712108450'),
('admin_DJ nw', '8801712108747'),
('admin_DJ nw', '8801712118692'),
('admin_DJ nw', '8801712127281'),
('admin_DJ nw', '8801712132881'),
('admin_DJ nw', '8801712132891'),
('admin_DJ nw', '8801712146545'),
('admin_DJ nw', '8801712167401'),
('admin_DJ nw', '8801712170103'),
('admin_DJ nw', '8801712178873'),
('admin_DJ nw', '8801712183426'),
('admin_DJ nw', '8801712217103'),
('admin_DJ nw', '8801712226844'),
('admin_DJ nw', '8801712227971'),
('admin_DJ nw', '8801712229622'),
('admin_DJ nw', '8801712244000'),
('admin_DJ nw', '8801712248426'),
('admin_DJ nw', '8801712259320'),
('admin_DJ nw', '8801712266811'),
('admin_DJ nw', '8801712270383'),
('admin_DJ nw', '8801712282106'),
('admin_DJ nw', '8801712291089'),
('admin_DJ nw', '8801712297334'),
('admin_DJ nw', '8801712297846'),
('admin_DJ nw', '8801712345114'),
('admin_DJ nw', '8801712519052'),
('admin_DJ nw', '8801712533399'),
('admin_DJ nw', '8801712535682'),
('admin_DJ nw', '8801712540548'),
('admin_DJ nw', '8801712547520'),
('admin_DJ nw', '8801712561646'),
('admin_DJ nw', '8801712562180'),
('admin_DJ nw', '8801712576768'),
('admin_DJ nw', '8801712587093'),
('admin_DJ nw', '8801712588424'),
('admin_DJ nw', '8801712656867'),
('admin_DJ nw', '8801712665955'),
('admin_DJ nw', '8801712680285'),
('admin_DJ nw', '8801712693712'),
('admin_DJ nw', '8801712705666'),
('admin_DJ nw', '8801712715837'),
('admin_DJ nw', '8801712720272'),
('admin_DJ nw', '8801712741024'),
('admin_DJ nw', '8801712744098'),
('admin_DJ nw', '8801712760072'),
('admin_DJ nw', '8801712770100'),
('admin_DJ nw', '8801712783826'),
('admin_DJ nw', '8801712840243'),
('admin_DJ nw', '8801712863878'),
('admin_DJ nw', '8801712887717'),
('admin_DJ nw', '8801712889666'),
('admin_DJ nw', '8801712896337'),
('admin_DJ nw', '8801712908798'),
('admin_DJ nw', '8801712935554'),
('admin_DJ nw', '8801712973591'),
('admin_DJ nw', '8801713000764'),
('admin_DJ nw', '8801713000852'),
('admin_DJ nw', '8801713000853'),
('admin_DJ nw', '8801713002489'),
('admin_DJ nw', '8801713002551'),
('admin_DJ nw', '8801713002993'),
('admin_DJ nw', '8801713003040'),
('admin_DJ nw', '8801713003300'),
('admin_DJ nw', '8801713004931'),
('admin_DJ nw', '8801713004951'),
('admin_DJ nw', '8801713005553'),
('admin_DJ nw', '8801713005821'),
('admin_DJ nw', '8801713009387'),
('admin_DJ nw', '8801713009791'),
('admin_DJ nw', '8801713011271'),
('admin_DJ nw', '8801713011546'),
('admin_DJ nw', '8801713012325'),
('admin_DJ nw', '8801713012632'),
('admin_DJ nw', '8801713012784'),
('admin_DJ nw', '8801713013220'),
('admin_DJ nw', '8801713013355'),
('admin_DJ nw', '8801713013571'),
('admin_DJ nw', '8801713014182'),
('admin_DJ nw', '8801713014429'),
('admin_DJ nw', '8801713014549'),
('admin_DJ nw', '8801713014568'),
('admin_DJ nw', '8801713014643'),
('admin_DJ nw', '8801713014854'),
('admin_DJ nw', '8801713014873'),
('admin_DJ nw', '8801713015361'),
('admin_DJ nw', '8801713016248'),
('admin_DJ nw', '8801713016254'),
('admin_DJ nw', '8801713016258'),
('admin_DJ nw', '8801713016520'),
('admin_DJ nw', '8801713017591'),
('admin_DJ nw', '8801713017905'),
('admin_DJ nw', '8801713019124'),
('admin_DJ nw', '8801713019217'),
('admin_DJ nw', '8801713020205'),
('admin_DJ nw', '8801713030658'),
('admin_DJ nw', '8801713031279'),
('admin_DJ nw', '8801713031850'),
('admin_DJ nw', '8801713032305'),
('admin_DJ nw', '8801713032313'),
('admin_DJ nw', '8801713032903'),
('admin_DJ nw', '8801713033118'),
('admin_DJ nw', '8801713033316'),
('admin_DJ nw', '8801713034684'),
('admin_DJ nw', '8801713036695'),
('admin_DJ nw', '8801713037104'),
('admin_DJ nw', '8801713037456'),
('admin_DJ nw', '8801713037771'),
('admin_DJ nw', '8801713037787'),
('admin_DJ nw', '8801713038201'),
('admin_DJ nw', '8801713038436'),
('admin_DJ nw', '8801713038638'),
('admin_DJ nw', '8801713038922'),
('admin_DJ nw', '8801713039175'),
('admin_DJ nw', '8801713039365'),
('admin_DJ nw', '8801713039954'),
('admin_DJ nw', '8801713040824'),
('admin_DJ nw', '8801713042080'),
('admin_DJ nw', '8801713042208'),
('admin_DJ nw', '8801713043294'),
('admin_DJ nw', '8801713043472'),
('admin_DJ nw', '8801713044123'),
('admin_DJ nw', '8801713044993'),
('admin_DJ nw', '8801713045608'),
('admin_DJ nw', '8801713046791'),
('admin_DJ nw', '8801713049078'),
('admin_DJ nw', '8801713049694'),
('admin_DJ nw', '8801713049791'),
('admin_DJ nw', '8801713049993'),
('admin_DJ nw', '8801713060621'),
('admin_DJ nw', '8801713061000'),
('admin_DJ nw', '8801713062503'),
('admin_DJ nw', '8801713063621'),
('admin_DJ nw', '8801713065403'),
('admin_DJ nw', '8801713065741'),
('admin_DJ nw', '8801713066259'),
('admin_DJ nw', '8801713068205'),
('admin_DJ nw', '8801713068320'),
('admin_DJ nw', '8801713079300'),
('admin_DJ nw', '8801713081021'),
('admin_DJ nw', '8801713081962'),
('admin_DJ nw', '8801713084423'),
('admin_DJ nw', '8801713090326'),
('admin_DJ nw', '8801713090327'),
('admin_DJ nw', '8801713091818'),
('admin_DJ nw', '8801713107761'),
('admin_DJ nw', '8801713108607'),
('admin_DJ nw', '8801713114410'),
('admin_DJ nw', '8801713114625'),
('admin_DJ nw', '8801713118028'),
('admin_DJ nw', '8801713118488'),
('admin_DJ nw', '8801713120950'),
('admin_DJ nw', '8801713122363'),
('admin_DJ nw', '8801713148491'),
('admin_DJ nw', '8801713160508'),
('admin_DJ nw', '8801713165977'),
('admin_DJ nw', '8801713173267'),
('admin_DJ nw', '8801713180062'),
('admin_DJ nw', '8801713185262'),
('admin_DJ nw', '8801713201233'),
('admin_DJ nw', '8801713211444'),
('admin_DJ nw', '8801713213151'),
('admin_DJ nw', '8801713229174'),
('admin_DJ nw', '8801713147272'),
('admin_DJ nw', '8801713248066'),
('admin_DJ nw', '8801713248989'),
('admin_DJ nw', '8801713261635'),
('admin_DJ nw', '8801713263646'),
('admin_DJ nw', '8801713303119'),
('admin_DJ nw', '8801713314000'),
('admin_DJ nw', '8801713329895'),
('admin_DJ nw', '8801713332666'),
('admin_DJ nw', '8801713366164'),
('admin_DJ nw', '8801713372758'),
('admin_DJ nw', '8801713381280'),
('admin_DJ nw', '8801713386062'),
('admin_DJ nw', '8801713387522'),
('admin_DJ nw', '8801713388100'),
('admin_DJ nw', '8801713403604'),
('admin_DJ nw', '8801713408062'),
('admin_DJ nw', '8801713409834'),
('admin_DJ nw', '8801713414956'),
('admin_DJ nw', '8801713424660'),
('admin_DJ nw', '8801713451816'),
('admin_DJ nw', '8801713452597'),
('admin_DJ nw', '8801713452699'),
('admin_DJ nw', '8801713454444'),
('admin_DJ nw', '8801713456648'),
('admin_DJ nw', '8801713479876'),
('admin_DJ nw', '8801713505239'),
('admin_DJ nw', '8801713515433'),
('admin_DJ nw', '8801713516411'),
('admin_DJ nw', '8801713523974'),
('admin_DJ nw', '8801713537713'),
('admin_DJ nw', '8801713543936'),
('admin_DJ nw', '8801713575149'),
('admin_DJ nw', '8801713633398'),
('admin_DJ nw', '8801713644744'),
('admin_DJ nw', '8801713704470'),
('admin_DJ nw', '8801713933485'),
('admin_DJ nw', '8801713991426'),
('admin_DJ nw', '8801714000170'),
('admin_DJ nw', '8801714000176'),
('admin_DJ nw', '8801714000178'),
('admin_DJ nw', '8801714000182'),
('admin_DJ nw', '8801714030009'),
('admin_DJ nw', '8801714042011'),
('admin_DJ nw', '8801714042267'),
('admin_DJ nw', '8801714046260'),
('admin_DJ nw', '8801714048907'),
('admin_DJ nw', '8801714055921'),
('admin_DJ nw', '8801714059998'),
('admin_DJ nw', '8801714060011'),
('admin_DJ nw', '8801714069867'),
('admin_DJ nw', '8801714073640'),
('admin_DJ nw', '8801714075771'),
('admin_DJ nw', '8801714077104'),
('admin_DJ nw', '8801714077385'),
('admin_DJ nw', '8801714077421'),
('admin_DJ nw', '8801714085036'),
('admin_DJ nw', '8801714090314'),
('admin_DJ nw', '8801714092739'),
('admin_DJ nw', '8801714096870'),
('admin_DJ nw', '8801714098964'),
('admin_DJ nw', '8801714100983'),
('admin_DJ nw', '8801714103610'),
('admin_DJ nw', '8801714109367'),
('admin_DJ nw', '8801714112287'),
('admin_DJ nw', '8801714112396'),
('admin_DJ nw', '8801714112722'),
('admin_DJ nw', '8801714114101'),
('admin_DJ nw', '8801714114993'),
('admin_DJ nw', '8801714130724'),
('admin_DJ nw', '8801714134702'),
('admin_DJ nw', '8801714163278'),
('admin_DJ nw', '8801714207200'),
('admin_DJ nw', '8801714242715'),
('admin_DJ nw', '8801714254760'),
('admin_DJ nw', '8801714263600'),
('admin_DJ nw', '8801714269758'),
('admin_DJ nw', '8801714273100'),
('admin_DJ nw', '8801714273117'),
('admin_DJ nw', '8801714323895'),
('admin_DJ nw', '8801714377822'),
('admin_DJ nw', '8801714379121'),
('admin_DJ nw', '8801714448844'),
('admin_DJ nw', '8801714478857'),
('admin_DJ nw', '8801714496736'),
('admin_DJ nw', '8801714588651'),
('admin_DJ nw', '8801714893561'),
('admin_DJ nw', '8801714893567'),
('admin_DJ nw', '8801715000111'),
('admin_DJ nw', '8801715001542'),
('admin_DJ nw', '8801715003475'),
('admin_DJ nw', '8801715004018'),
('admin_DJ nw', '8801715004815'),
('admin_DJ nw', '8801715004869'),
('admin_DJ nw', '8801715005160'),
('admin_DJ nw', '8801715005351'),
('admin_DJ nw', '8801715005433'),
('admin_DJ nw', '8801715007389'),
('admin_DJ nw', '8801715007952'),
('admin_DJ nw', '8801715008942'),
('admin_DJ nw', '8801715009773'),
('admin_DJ nw', '8801715010996'),
('admin_DJ nw', '8801715012287'),
('admin_DJ nw', '8801715012575'),
('admin_DJ nw', '8801715013402'),
('admin_DJ nw', '8801715014545'),
('admin_DJ nw', '8801715016869'),
('admin_DJ nw', '8801715016910'),
('admin_DJ nw', '8801715024264'),
('admin_DJ nw', '8801715025158'),
('admin_DJ nw', '8801715029340'),
('admin_DJ nw', '8801715032050'),
('admin_DJ nw', '8801715035527'),
('admin_DJ nw', '8801715038384'),
('admin_DJ nw', '8801715042560'),
('admin_DJ nw', '8801715046833'),
('admin_DJ nw', '8801715049657'),
('admin_DJ nw', '8801715054553'),
('admin_DJ nw', '8801715055150'),
('admin_DJ nw', '8801715061076'),
('admin_DJ nw', '8801715061376'),
('admin_DJ nw', '8801715066800'),
('admin_DJ nw', '8801715067199'),
('admin_DJ nw', '8801715068977'),
('admin_DJ nw', '8801715080908'),
('admin_DJ nw', '8801715087155'),
('admin_DJ nw', '8801715087198'),
('admin_DJ nw', '8801715089636'),
('admin_DJ nw', '8801715098885'),
('admin_DJ nw', '8801715105057'),
('admin_DJ nw', '8801715115480'),
('admin_DJ nw', '8801715111922'),
('admin_DJ nw', '8801715123901'),
('admin_DJ nw', '8801715130009'),
('admin_DJ nw', '8801715130181'),
('admin_DJ nw', '8801715132250'),
('admin_DJ nw', '8801715134795'),
('admin_DJ nw', '8801715135500'),
('admin_DJ nw', '8801715150430'),
('admin_DJ nw', '8801715151966'),
('admin_DJ nw', '8801715153665'),
('admin_DJ nw', '8801715157477'),
('admin_DJ nw', '8801715161160'),
('admin_DJ nw', '8801715179171'),
('admin_DJ nw', '8801715180680'),
('admin_DJ nw', '8801715197577'),
('admin_DJ nw', '8801715201100'),
('admin_DJ nw', '8801715222208'),
('admin_DJ nw', '8801715226366'),
('admin_DJ nw', '8801715229915'),
('admin_DJ nw', '8801715238449'),
('admin_DJ nw', '8801715253718'),
('admin_DJ nw', '8801715280205'),
('admin_DJ nw', '8801715285550'),
('admin_DJ nw', '8801715287591'),
('admin_DJ nw', '8801715298222'),
('admin_DJ nw', '8801715339892'),
('admin_DJ nw', '8801715340959'),
('admin_DJ nw', '8801715342273'),
('admin_DJ nw', '8801715348742'),
('admin_DJ nw', '8801715361089'),
('admin_DJ nw', '8801715366644'),
('admin_DJ nw', '8801715404666'),
('admin_DJ nw', '8801715405635'),
('admin_DJ nw', '8801715411314'),
('admin_DJ nw', '8801715416399'),
('admin_DJ nw', '8801715431732'),
('admin_DJ nw', '8801715437769'),
('admin_DJ nw', '8801715447861'),
('admin_DJ nw', '8801715470057'),
('admin_DJ nw', '8801715470062'),
('admin_DJ nw', '8801715477554'),
('admin_DJ nw', '8801715478625'),
('admin_DJ nw', '8801715478857'),
('admin_DJ nw', '8801715485577'),
('admin_DJ nw', '8801715492199'),
('admin_DJ nw', '8801715522524'),
('admin_DJ nw', '8801715522755'),
('admin_DJ nw', '8801715542277'),
('admin_DJ nw', '8801715544329'),
('admin_DJ nw', '8801715583170'),
('admin_DJ nw', '8801715596464'),
('admin_DJ nw', '8801715623128'),
('admin_DJ nw', '8801715659817'),
('admin_DJ nw', '8801715667717'),
('admin_DJ nw', '8801715667744'),
('admin_DJ nw', '8801715689649'),
('admin_DJ nw', '8801715704472'),
('admin_DJ nw', '8801715724092'),
('admin_DJ nw', '8801715730181'),
('admin_DJ nw', '8801716431313'),
('admin_DJ nw', '8801720045760'),
('admin_DJ nw', '8801733652668'),
('admin_DJ nw', '8801727242145'),
('admin_DJ nw', '8801738325348'),
('admin_DJ nw', '8801730000422'),
('admin_DJ nw', '8801742383115'),
('admin_DJ nw', '8801731694619'),
('admin_DJ nw', '8801911546655'),
('admin_DJ nw', '8801732561619'),
('admin_DJ nw', '8801912944900'),
('admin_DJ nw', '8801733557811'),
('admin_DJ nw', '8801914549989'),
('admin_DJ nw', '8801738110000'),
('admin_DJ nw', '8801920883284'),
('admin_DJ nw', '8801813333029'),
('admin_DJ nw', '8801921491768'),
('admin_DJ nw', '8801814412978'),
('admin_DJ nw', '8801613443883'),
('admin_DJ nw', '8801816020965'),
('admin_DJ nw', '8801819182157'),
('admin_DJ nw', '8801671990692'),
('admin_DJ nw', '8801819225528'),
('admin_DJ nw', '8801710925829'),
('admin_DJ nw', '8801819227354'),
('admin_DJ nw', '8801711139007'),
('admin_DJ nw', '8801822884487'),
('admin_DJ nw', '8801711165408'),
('admin_DJ nw', '8801911316946'),
('admin_DJ nw', '8801711197590'),
('admin_DJ nw', '8801911386614'),
('admin_DJ nw', '8801711237777'),
('admin_DJ nw', '8801911447923'),
('admin_DJ nw', '8801711377105'),
('admin_DJ nw', '8801913075847'),
('admin_DJ nw', '8801711432339'),
('admin_DJ nw', '8801917166235'),
('admin_DJ nw', '8801711476089'),
('admin_DJ nw', '8801920881060'),
('admin_DJ nw', '8801711532825'),
('admin_DJ nw', '8801924702285'),
('admin_DJ nw', '8801711540203'),
('admin_DJ nw', '8801973438606'),
('admin_DJ nw', '8801711547056'),
('admin_DJ nw', '8801977480777'),
('admin_DJ nw', '8801711562033'),
('admin_DJ nw', '8801711566633'),
('admin_DJ nw', '8801711567401'),
('admin_DJ nw', '8801711661403'),
('admin_DJ nw', '8801711841681'),
('admin_DJ nw', '8801712022296'),
('admin_DJ nw', '8801712631953'),
('admin_DJ nw', '8801712903884'),
('admin_DJ nw', '8801713001730'),
('admin_DJ nw', '8801713021575'),
('admin_DJ nw', '8801713027500'),
('admin_DJ nw', '8801713062548'),
('admin_DJ nw', '8801713081021'),
('admin_DJ nw', '8801713366164'),
('admin_DJ nw', '8801714042260'),
('admin_DJ nw', '8801714478467'),
('admin_DJ nw', '8801714487369'),
('admin_DJ nw', '8801715031026'),
('admin_DJ nw', '8801715061376'),
('admin_DJ nw', '8801715886077'),
('admin_DJ nw', '8801716994994'),
('admin_DJ nw', '8801719021251'),
('admin_DJ nw', '8801726722375'),
('admin_DJ nw', '8801726851502'),
('admin_DJ nw', '8801727221618'),
('admin_DJ nw', '8801680773444'),
('admin_DJ nw', '8801916801119'),
('admin_DJ 200', '8801713633398'),
('admin_DJ 200', '8801713644744'),
('admin_DJ 200', '8801713704470'),
('admin_DJ 200', '8801713933485'),
('admin_DJ 200', '8801713991426'),
('admin_DJ 200', '8801714000170'),
('admin_DJ 200', '8801714000176'),
('admin_DJ 200', '8801714000178'),
('admin_DJ 200', '8801714000182'),
('admin_DJ 200', '8801714030009'),
('admin_DJ 200', '8801714042011'),
('admin_DJ 200', '8801714042267'),
('admin_DJ 200', '8801714046260'),
('admin_DJ 200', '8801714048907'),
('admin_DJ 200', '8801714055921'),
('admin_DJ 200', '8801714059998'),
('admin_DJ 200', '8801714060011'),
('admin_DJ 200', '8801714069867'),
('admin_DJ 200', '8801714073640'),
('admin_DJ 200', '8801714075771'),
('admin_DJ 200', '8801714077104'),
('admin_DJ 200', '8801714077385'),
('admin_DJ 200', '8801714077421'),
('admin_DJ 200', '8801714085036'),
('admin_DJ 200', '8801714090314'),
('admin_DJ 200', '8801714092739'),
('admin_DJ 200', '8801714096870'),
('admin_DJ 200', '8801714098964'),
('admin_DJ 200', '8801714100983'),
('admin_DJ 200', '8801714103610'),
('admin_DJ 200', '8801714109367'),
('admin_DJ 200', '8801714112287'),
('admin_DJ 200', '8801714112396'),
('admin_DJ 200', '8801714112722'),
('admin_DJ 200', '8801714114101'),
('admin_DJ 200', '8801714114993'),
('admin_DJ 200', '8801714130724'),
('admin_DJ 200', '8801714134702'),
('admin_DJ 200', '8801714163278'),
('admin_DJ 200', '8801714207200'),
('admin_DJ 200', '8801714242715'),
('admin_DJ 200', '8801714254760'),
('admin_DJ 200', '8801714263600'),
('admin_DJ 200', '8801714269758'),
('admin_DJ 200', '8801714273100'),
('admin_DJ 200', '8801714273117'),
('admin_DJ 200', '8801714323895'),
('admin_DJ 200', '8801714377822'),
('admin_DJ 200', '8801714379121'),
('admin_DJ 200', '8801714448844'),
('admin_DJ 200', '8801714478857'),
('admin_DJ 200', '8801714496736'),
('admin_DJ 200', '8801714588651'),
('admin_DJ 200', '8801714893561'),
('admin_DJ 200', '8801714893567'),
('admin_DJ 200', '8801715000111'),
('admin_DJ 200', '8801715001542'),
('admin_DJ 200', '8801715003475'),
('admin_DJ 200', '8801715004018'),
('admin_DJ 200', '8801715004815'),
('admin_DJ 200', '8801715004869'),
('admin_DJ 200', '8801715005160'),
('admin_DJ 200', '8801715005351'),
('admin_DJ 200', '8801715005433'),
('admin_DJ 200', '8801715007389'),
('admin_DJ 200', '8801715007952'),
('admin_DJ 200', '8801715008942'),
('admin_DJ 200', '8801715009773'),
('admin_DJ 200', '8801715010996'),
('admin_DJ 200', '8801715012287'),
('admin_DJ 200', '8801715012575'),
('admin_DJ 200', '8801715013402'),
('admin_DJ 200', '8801715014545'),
('admin_DJ 200', '8801715016869'),
('admin_DJ 200', '8801715016910'),
('admin_DJ 200', '8801715024264'),
('admin_DJ 200', '8801715025158'),
('admin_DJ 200', '8801715029340'),
('admin_DJ 200', '8801715032050'),
('admin_DJ 200', '8801715035527'),
('admin_DJ 200', '8801715038384'),
('admin_DJ 200', '8801715042560'),
('admin_DJ 200', '8801715046833'),
('admin_DJ 200', '8801715049657'),
('admin_DJ 200', '8801715054553'),
('admin_DJ 200', '8801715055150'),
('admin_DJ 200', '8801715061076'),
('admin_DJ 200', '8801715061376'),
('admin_DJ 200', '8801715066800'),
('admin_DJ 200', '8801715067199'),
('admin_DJ 200', '8801715068977'),
('admin_DJ 200', '8801715080908'),
('admin_DJ 200', '8801715087155'),
('admin_DJ 200', '8801715087198'),
('admin_DJ 200', '8801715089636'),
('admin_DJ 200', '8801715098885'),
('admin_DJ 200', '8801715105057'),
('admin_DJ 200', '8801715115480'),
('admin_DJ 200', '8801715111922'),
('admin_DJ 200', '8801715123901'),
('admin_DJ 200', '8801715130009'),
('admin_DJ 200', '8801715130181'),
('admin_DJ 200', '8801715132250'),
('admin_DJ 200', '8801715134795'),
('admin_DJ 200', '8801715135500'),
('admin_DJ 200', '8801715150430'),
('admin_DJ 200', '8801715151966'),
('admin_DJ 200', '8801715153665'),
('admin_DJ 200', '8801715157477'),
('admin_DJ 200', '8801715161160'),
('admin_DJ 200', '8801715179171'),
('admin_DJ 200', '8801715180680'),
('admin_DJ 200', '8801715197577'),
('admin_DJ 200', '8801715201100'),
('admin_DJ 200', '8801715222208'),
('admin_DJ 200', '8801715226366'),
('admin_DJ 200', '8801715229915'),
('admin_DJ 200', '8801715238449'),
('admin_DJ 200', '8801715253718'),
('admin_DJ 200', '8801715280205'),
('admin_DJ 200', '8801715285550'),
('admin_DJ 200', '8801715287591'),
('admin_DJ 200', '8801715298222'),
('admin_DJ 200', '8801715339892'),
('admin_DJ 200', '8801715340959'),
('admin_DJ 200', '8801715342273'),
('admin_DJ 200', '8801715348742'),
('admin_DJ 200', '8801715361089'),
('admin_DJ 200', '8801715366644'),
('admin_DJ 200', '8801715404666'),
('admin_DJ 200', '8801715405635'),
('admin_DJ 200', '8801715411314'),
('admin_DJ 200', '8801715416399');
INSERT INTO `grp_tbl` (`grp_id`, `mob_num`) VALUES
('admin_DJ 200', '8801715431732'),
('admin_DJ 200', '8801715437769'),
('admin_DJ 200', '8801715447861'),
('admin_DJ 200', '8801715470057'),
('admin_DJ 200', '8801715470062'),
('admin_DJ 200', '8801715477554'),
('admin_DJ 200', '8801715478625'),
('admin_DJ 200', '8801715478857'),
('admin_DJ 200', '8801715485577'),
('admin_DJ 200', '8801715492199'),
('admin_DJ 200', '8801715522524'),
('admin_DJ 200', '8801715522755'),
('admin_DJ 200', '8801715542277'),
('admin_DJ 200', '8801715544329'),
('admin_DJ 200', '8801715583170'),
('admin_DJ 200', '8801715596464'),
('admin_DJ 200', '8801715623128'),
('admin_DJ 200', '8801715659817'),
('admin_DJ 200', '8801715667717'),
('admin_DJ 200', '8801715667744'),
('admin_DJ 200', '8801715689649'),
('admin_DJ 200', '8801715704472'),
('admin_DJ 200', '8801715724092'),
('admin_DJ 200', '8801715730181'),
('admin_DJ 200', '8801716431313'),
('admin_DJ 200', '8801720045760'),
('admin_DJ 200', '8801733652668'),
('admin_DJ 200', '8801727242145'),
('admin_DJ 200', '8801738325348'),
('admin_DJ 200', '8801730000422'),
('admin_DJ 200', '8801742383115'),
('admin_DJ 200', '8801731694619'),
('admin_DJ 200', '8801911546655'),
('admin_DJ 200', '8801732561619'),
('admin_DJ 200', '8801912944900'),
('admin_DJ 200', '8801733557811'),
('admin_DJ 200', '8801914549989'),
('admin_DJ 200', '8801738110000'),
('admin_DJ 200', '8801920883284'),
('admin_DJ 200', '8801813333029'),
('admin_DJ 200', '8801921491768'),
('admin_DJ 200', '8801814412978'),
('admin_DJ 200', '8801613443883'),
('admin_DJ 200', '8801816020965'),
('admin_DJ 200', '8801819182157'),
('admin_DJ 200', '8801671990692'),
('admin_DJ 200', '8801819225528'),
('admin_DJ 200', '8801710925829'),
('admin_DJ 200', '8801819227354'),
('admin_DJ 200', '8801711139007'),
('admin_DJ 200', '8801822884487'),
('admin_DJ 200', '8801711165408'),
('admin_DJ 200', '8801911316946'),
('admin_DJ 200', '8801711197590'),
('admin_DJ 200', '8801911386614'),
('admin_DJ 200', '8801711237777'),
('admin_DJ 200', '8801911447923'),
('admin_DJ 200', '8801711377105'),
('admin_DJ 200', '8801913075847'),
('admin_DJ 200', '8801711432339'),
('admin_DJ 200', '8801917166235'),
('admin_DJ 200', '8801711476089'),
('admin_DJ 200', '8801920881060'),
('admin_DJ 200', '8801711532825'),
('admin_DJ 200', '8801924702285'),
('admin_DJ 200', '8801711540203'),
('admin_DJ 200', '8801973438606'),
('admin_DJ 200', '8801711547056'),
('admin_DJ 200', '8801977480777'),
('admin_DJ 200', '8801711562033'),
('admin_DJ 200', '8801711566633'),
('admin_DJ 200', '8801711567401'),
('admin_DJ 200', '8801711661403'),
('admin_DJ 200', '8801711841681'),
('admin_DJ 200', '8801712022296'),
('admin_DJ 200', '8801712631953'),
('admin_DJ 200', '8801712903884'),
('admin_DJ 200', '8801713001730'),
('admin_DJ 200', '8801713021575'),
('admin_DJ 200', '8801713027500'),
('admin_DJ 200', '8801713062548'),
('admin_DJ 200', '8801713081021'),
('admin_DJ 200', '8801713366164'),
('admin_DJ 200', '8801714042260'),
('admin_DJ 200', '8801714478467'),
('admin_DJ 200', '8801714487369'),
('admin_DJ 200', '8801715031026'),
('admin_DJ 200', '8801715061376'),
('admin_DJ 200', '8801715886077'),
('admin_DJ 200', '8801716994994'),
('admin_DJ 200', '8801719021251'),
('admin_DJ 200', '8801726722375'),
('admin_DJ 200', '8801726851502'),
('admin_DJ 200', '8801727221618'),
('admin_DJ 200', '8801680773444'),
('admin_DJ 200', '8801916801119'),
('admin_DJ 47', '8801822884487'),
('admin_DJ 47', '8801711165408'),
('admin_DJ 47', '8801911316946'),
('admin_DJ 47', '8801711197590'),
('admin_DJ 47', '8801911386614'),
('admin_DJ 47', '8801711237777'),
('admin_DJ 47', '8801911447923'),
('admin_DJ 47', '8801711377105'),
('admin_DJ 47', '8801913075847'),
('admin_DJ 47', '8801711432339'),
('admin_DJ 47', '8801917166235'),
('admin_DJ 47', '8801711476089'),
('admin_DJ 47', '8801920881060'),
('admin_DJ 47', '8801711532825'),
('admin_DJ 47', '8801924702285'),
('admin_DJ 47', '8801711540203'),
('admin_DJ 47', '8801973438606'),
('admin_DJ 47', '8801711547056'),
('admin_DJ 47', '8801977480777'),
('admin_DJ 47', '8801711562033'),
('admin_DJ 47', '8801711566633'),
('admin_DJ 47', '8801711567401'),
('admin_DJ 47', '8801711661403'),
('admin_DJ 47', '8801711841681'),
('admin_DJ 47', '8801712022296'),
('admin_DJ 47', '8801712631953'),
('admin_DJ 47', '8801712903884'),
('admin_DJ 47', '8801713001730'),
('admin_DJ 47', '8801713021575'),
('admin_DJ 47', '8801713027500'),
('admin_DJ 47', '8801713062548'),
('admin_DJ 47', '8801713081021'),
('admin_DJ 47', '8801713366164'),
('admin_DJ 47', '8801714042260'),
('admin_DJ 47', '8801714478467'),
('admin_DJ 47', '8801714487369'),
('admin_DJ 47', '8801715031026'),
('admin_DJ 47', '8801715061376'),
('admin_DJ 47', '8801715886077'),
('admin_DJ 47', '8801716994994'),
('admin_DJ 47', '8801719021251'),
('admin_DJ 47', '8801726722375'),
('admin_DJ 47', '8801726851502'),
('admin_DJ 47', '8801727221618'),
('admin_DJ 47', '8801680773444'),
('admin_DJ 47', '8801916801119'),
('easia2011_em sub', '8801730001567'),
('imdad_C7', '8801819182157'),
('admin_smss', '8801713067590'),
('admin_smss', '8801711612377'),
('admin_smss', '8801755543110'),
('easia2011_EOI', '8801819200559'),
('easia2011_EOI', '8801711200327'),
('easia2011_EOI', '8801713192464'),
('easia2011_EOI', '8801719984741'),
('easia2011_EOI', '8801720022112'),
('easia2011_EOI', '8801712192464'),
('easia2011_EOI', '8801552454649'),
('easia2011_EOI', '8801711104352'),
('easia2011_EOI', '8801711784478'),
('easia2011_EOI', '8801819245084'),
('easia2011_EOI', '8801911320311'),
('easia2011_EOI', '8801912848110'),
('easia2011_EOI', '8801713373060'),
('easia2011_EOI', '8801556462036'),
('easia2011_EOI', '8801714169600'),
('easia2011_EOI', '8801712298050'),
('easia2011_EOI', '8801713067590'),
('easia2011_EOI', '8801755543110'),
('easia2011_EOI', '8801711549974'),
('easia2011_EOI', '8801819245982'),
('easia2011_EOI', '8801711612377'),
('easia2011_EOI', '8801712088920'),
('easia2011_EOI', '8801671330819'),
('easia2011_EOI', '8801919243527'),
('easia2011_EOI', '8801712298050'),
('easia2011_EOI', '8801819182157'),
('mrmamun_d2kpsd', '8801671069163'),
('mrmamun_d2kpsd', '8801671069163'),
('mrmamun_d2kpsd', '8801671069163'),
('mrmamun_d2kpsd', '8801671069163'),
('mrmamun_d2kpsd', '8801671069163'),
('mrmamun_d2kpsd', '8801671069163'),
('mrmamun_d2kpsd', '8801671069163'),
('mrmamun_d2kpsd', '8801671069163'),
('easia2011_media', '8801713019403'),
('easia2011_media', '8801552347861'),
('easia2011_media', '8801816542960'),
('easia2011_media', '8801199439319'),
('easia2011_media', '8801712198039'),
('easia2011_media', '8801711827226'),
('easia2011_media', '8801711596353'),
('easia2011_media', '8801711623911'),
('easia2011_media', '8801817041632'),
('easia2011_media', '8801712839292'),
('easia2011_media', '8801926020202'),
('easia2011_media', '8801552321464'),
('easia2011_media', '8801552306368'),
('easia2011_media', '8801716533532'),
('easia2011_media', '8801612754752'),
('easia2011_media', '8801713114963'),
('easia2011_media', '8801819284939'),
('easia2011_media', '8801819213431'),
('easia2011_media', '8801672256800'),
('easia2011_media', '8801819275700'),
('easia2011_media', '8801711863963'),
('easia2011_media', '8801711532872'),
('easia2011_media', '8801911386262'),
('easia2011_media', '8801711237405'),
('easia2011_media', '8801711902376'),
('easia2011_media', '8801716643726'),
('easia2011_media', '8801711532872'),
('easia2011_media', '8801712038248'),
('easia2011_media', '8801816034848'),
('easia2011_media', '8801199071108'),
('easia2011_media', '8801911623377'),
('easia2011_media', '8801819491016'),
('easia2011_media', '8801729344827'),
('easia2011_media', '8801911302835'),
('easia2011_media', '8801916553366'),
('easia2011_media', '8801714089501'),
('easia2011_media', '8801712552952'),
('easia2011_media', '8801819211095'),
('easia2011_media', '8801715054949'),
('easia2011_media', '8801190474371'),
('easia2011_media', '8801712032474'),
('easia2011_media', '8801971546019'),
('easia2011_media', '8801710440568'),
('easia2011_media', '8801552345624'),
('easia2011_media', '8801712314520'),
('easia2011_media', '8801711183202'),
('easia2011_media', '8801711663647'),
('easia2011_media', '8801716101342'),
('easia2011_media', '8801912141414'),
('easia2011_media', '8801819296159'),
('easia2011_media', '8801715298533'),
('easia2011_media', '8801552385195'),
('easia2011_media', '8801818027071'),
('easia2011_media', '8801711181370'),
('easia2011_media', '8801711243549'),
('easia2011_media', '8801711103419'),
('easia2011_media', '8801715245459'),
('easia2011_media', '8801190739666'),
('easia2011_media', '8801711846452'),
('easia2011_media', '8801978900001'),
('easia2011_media', '8801971210252'),
('easia2011_media', '8801920705270'),
('easia2011_media', '8801914222011'),
('easia2011_media', '8801711191921'),
('easia2011_media', '8801819481313'),
('easia2011_media', '8801911341654'),
('easia2011_media', '8801819239597'),
('easia2011_media', '8801819250309'),
('easia2011_media', '8801711052320'),
('easia2011_media', '8801819988908'),
('easia2011_media', '8801818435335'),
('easia2011_media', '8801713076165'),
('easia2011_media', '8801712424112'),
('easia2011_media', '8801711981948'),
('easia2011_media', '8801731330655'),
('easia2011_media', '8801819207992'),
('easia2011_media', '8801914876627'),
('easia2011_media', '8801917056545'),
('easia2011_media', '8801552633408'),
('easia2011_media', '8801711623910'),
('easia2011_media', '8801711020420'),
('easia2011_media', '8801716878139'),
('easia2011_media', '8801711009016'),
('easia2011_media', '8801711566916'),
('easia2011_media', '8801819207992'),
('easia2011_media', '8801819012293'),
('easia2011_media', '8801712217730'),
('easia2011_media', '8801712039061'),
('easia2011_media', '8801911317013'),
('easia2011_media', '8801911316946'),
('easia2011_media', '8801614006007'),
('easia2011_media', '8801729076992'),
('easia2011_media', '8801612951549'),
('easia2011_media', '8801711546019'),
('easia2011_media', '8801920705270'),
('easia2011_media', '8801711947580'),
('easia2011_media', '8801711197154'),
('easia2011_media', '8801711663647'),
('easia2011_media', '8801711665814'),
('easia2011_media', '8801713067548'),
('easia2011_media', '8801711621228'),
('easia2011_media', '8801911215673'),
('easia2011_media', '8801199838894'),
('easia2011_media', '8801727211717'),
('easia2011_media', '8801914088170'),
('easia2011_media', '8801711013333'),
('easia2011_media', '8801713041874'),
('easia2011_media', '8801729344827'),
('easia2011_media', '8801911302835'),
('easia2011_media', '8801916553366'),
('easia2011_media', '8801714089501'),
('easia2011_media', '8801712552952'),
('easia2011_media', '8801819211095'),
('easia2011_media', '8801715054949'),
('easia2011_media', '8801190474371'),
('easia2011_media', '8801712032474'),
('easia2011_media', '8801971546019'),
('easia2011_media', '8801710440568'),
('easia2011_media', '8801552345624'),
('easia2011_media', '8801712314520'),
('easia2011_media', '8801711183202'),
('easia2011_media', '8801711663647'),
('easia2011_media', '8801716101342'),
('easia2011_media', '8801713067590'),
('easia2011_media', '8801711612377');

-- --------------------------------------------------------

--
-- Table structure for table `metro_send_sms_log`
--

CREATE TABLE IF NOT EXISTS `metro_send_sms_log` (
  `id` int(12) NOT NULL AUTO_INCREMENT,
  `sender` varchar(100) NOT NULL,
  `Mob_To` varchar(150) NOT NULL,
  `sms` text CHARACTER SET utf8 NOT NULL,
  `date_time` datetime NOT NULL,
  `status` int(8) NOT NULL,
  `lang` varchar(200) NOT NULL,
  PRIMARY KEY (`id`)
) ENGINE=InnoDB  DEFAULT CHARSET=latin1 AUTO_INCREMENT=152 ;

--
-- Dumping data for table `metro_send_sms_log`
--

INSERT INTO `metro_send_sms_log` (`id`, `sender`, `Mob_To`, `sms`, `date_time`, `status`, `lang`) VALUES
(6, 'sagar', '8801796619601', '   ,  ', '2020-10-08 16:01:39', 0, 'Bangla'),
(7, 'celegra', '8801673954869', 'test sms', '2020-10-10 12:06:57', 0, 'English'),
(9, 'celegra', '8810713333299', 'Bulk SMS system has been progressed. Pls use this for to send the customer for handset collection.', '2020-10-10 12:50:07', 0, 'English'),
(10, 'celegra', '8801713333299', 'sms', '2020-10-10 12:55:07', 0, 'English'),
(11, 'celegra', '8801674910651', 'Test Sms', '2020-10-10 13:43:25', 0, 'English'),
(12, 'celegra', '8801674364214', 'Test Sms.', '2020-10-10 13:43:42', 0, 'English'),
(13, 'celegra', '8801713764185', 'tex sms', '2020-10-10 13:43:43', 0, 'English'),
(14, 'celegra', '1955232609', 'hllo', '2020-10-10 13:44:28', 0, 'English'),
(15, 'celegra', '8801914930517', 'Dear Customer\r\n\r\nYour handset is ready for collection. You may collect it during our visiting hours from 10:00am to 7:00pm everyday except friday.\r\n\r\nFrom Rajshahi Samsung Service Centre', '2020-10-10 14:33:53', 0, 'English'),
(16, 'celegra', '888801728323751', 'Dear Customer\r\n\r\nYour handset is ready for collection. You may collect it during our visiting hours from 10:00am to 7:00pm everyday except friday.\r\n\r\nFrom Rajshahi Samsung Service Centre', '2020-10-10 14:33:53', 0, 'English'),
(17, 'celegra', '888801918744571', 'Dear Customer\r\n\r\nYour handset is ready for collection. You may collect it during our visiting hours from 10:00am to 7:00pm everyday except friday.\r\n\r\nFrom Rajshahi Samsung Service Centre', '2020-10-10 14:33:53', 0, 'English'),
(18, 'celegra', '01722053895', 'TEST SMS', '2020-10-10 14:42:41', 0, 'English'),
(19, 'celegra', '8801911499833', 'Dear Customer,\r\n\r\nYour handset is ready for collection. You may collect it during our visiting hours from 10.30 am to 7 pm everyday except Tuesday.\r\n\r\nFrom: Bashundhara Samsung Service Center.', '2020-10-10 14:54:53', 0, 'English'),
(20, 'celegra', '888801722053895', 'Dear Customer,\r\n\r\nYour handset is ready for collection. You may collect it during our visiting hours from 10.30 am to 7 pm everyday except Tuesday.\r\n\r\nFrom: Bashundhara Samsung Service Center.', '2020-10-10 14:54:53', 0, 'English'),
(21, 'celegra', '888801674910651', 'Dear Customer,\r\n\r\nYour handset is ready for collection. You may collect it during our visiting hours from 10.30 am to 7 pm everyday except Tuesday.\r\n\r\nFrom: Bashundhara Samsung Service Center.', '2020-10-10 14:54:53', 0, 'English'),
(22, 'celegra', '8801712593128', 'Dear Customer,\r\nYour handset is ready for collection. You may collect it during our visiting hours from 10.30am to 7 pm everyday except tuesday.\r\n\r\nFrom: Bashundhara Samsung Service Center.', '2020-10-10 15:08:54', 0, 'English'),
(23, 'celegra', '888801762420577', 'Dear Customer,\r\nYour handset is ready for collection. You may collect it during our visiting hours from 10.30am to 7 pm everyday except tuesday.\r\n\r\nFrom: Bashundhara Samsung Service Center.', '2020-10-10 15:08:55', 0, 'English'),
(24, 'celegra', '888801721871498', 'Dear Customer,\r\nYour handset is ready for collection. You may collect it during our visiting hours from 10.30am to 7 pm everyday except tuesday.\r\n\r\nFrom: Bashundhara Samsung Service Center.', '2020-10-10 15:08:55', 0, 'English'),
(25, 'celegra', '1710574262', 'Dear Sir,\r\nI am from Samsung service center Baitul View Tower.Your device is ready.Plz collect at 10.30am to 6.00pm.Friday care will be closed.', '2020-10-10 15:50:27', 0, 'English'),
(26, 'celegra', '881712152997', 'Dear Sir,\r\nI am from Samsung service center Baitul View Tower.Your device is ready.Plz collect at 10.30am to 6.00pm.Friday care will be closed.', '2020-10-10 15:50:27', 0, 'English'),
(27, 'celegra', '881716045554', 'Dear Sir,\r\nI am from Samsung service center Baitul View Tower.Your device is ready.Plz collect at 10.30am to 6.00pm.Friday care will be closed.', '2020-10-10 15:50:27', 0, 'English'),
(28, 'celegra', '881711172975', 'Dear Sir,\r\nI am from Samsung service center Baitul View Tower.Your device is ready.Plz collect at 10.30am to 6.00pm.Friday care will be closed.', '2020-10-10 15:50:27', 0, 'English'),
(29, 'celegra', '01955232609', 'Dear Sir,\r\nI am from Samsung service center Baitul ViewTower.Your device is ready.Plz collect at 10.30am to 6.00pm.Friday care will be closed.', '2020-10-10 15:58:56', 0, 'English'),
(30, 'celegra', '8801869481532', 'test', '2020-10-10 15:59:35', 0, 'English'),
(31, 'celegra', '8801711057371', 'Dear Customer,\r\nYour handset is ready for collection. You may collect it during our visiting hours from 10.30am to 7 pm everyday except tuesday.\r\nFrom: Bashundhara Samsung Service Center.\r\n', '2020-10-10 16:04:35', 0, 'English'),
(32, 'celegra', '888801762420577', 'Dear Customer,\r\nYour handset is ready for collection. You may collect it during our visiting hours from 10.30am to 7 pm everyday except tuesday.\r\nFrom: Bashundhara Samsung Service Center.\r\n', '2020-10-10 16:04:35', 0, 'English'),
(33, 'celegra', '888801721871498', 'Dear Customer,\r\nYour handset is ready for collection. You may collect it during our visiting hours from 10.30am to 7 pm everyday except tuesday.\r\nFrom: Bashundhara Samsung Service Center.\r\n', '2020-10-10 16:04:35', 0, 'English'),
(34, 'celegra', '888801521200803', 'Dear Customer,\r\nYour handset is ready for collection. You may collect it during our visiting hours from 10.30am to 7 pm everyday except tuesday.\r\nFrom: Bashundhara Samsung Service Center.\r\n', '2020-10-10 16:04:35', 0, 'English'),
(35, 'celegra', '888801685662294', 'Dear Customer,\r\nYour handset is ready for collection. You may collect it during our visiting hours from 10.30am to 7 pm everyday except tuesday.\r\nFrom: Bashundhara Samsung Service Center.\r\n', '2020-10-10 16:04:36', 0, 'English'),
(36, 'celegra', '888801717731205', 'Dear Customer,\r\nYour handset is ready for collection. You may collect it during our visiting hours from 10.30am to 7 pm everyday except tuesday.\r\nFrom: Bashundhara Samsung Service Center.\r\n', '2020-10-10 16:04:36', 0, 'English'),
(37, 'celegra', '888801974609326', 'Dear Customer,\r\nYour handset is ready for collection. You may collect it during our visiting hours from 10.30am to 7 pm everyday except tuesday.\r\nFrom: Bashundhara Samsung Service Center.\r\n', '2020-10-10 16:04:36', 0, 'English'),
(38, 'celegra', '888801723410326', 'Dear Customer,\r\nYour handset is ready for collection. You may collect it during our visiting hours from 10.30am to 7 pm everyday except tuesday.\r\nFrom: Bashundhara Samsung Service Center.\r\n', '2020-10-10 16:04:36', 0, 'English'),
(39, 'celegra', '888801845258690', 'Dear Customer,\r\nYour handset is ready for collection. You may collect it during our visiting hours from 10.30am to 7 pm everyday except tuesday.\r\nFrom: Bashundhara Samsung Service Center.\r\n', '2020-10-10 16:04:36', 0, 'English'),
(40, 'celegra', '888801724878466', 'Dear Customer,\r\nYour handset is ready for collection. You may collect it during our visiting hours from 10.30am to 7 pm everyday except tuesday.\r\nFrom: Bashundhara Samsung Service Center.\r\n', '2020-10-10 16:04:36', 0, 'English'),
(41, 'celegra', '888801737196401', 'Dear Customer,\r\nYour handset is ready for collection. You may collect it during our visiting hours from 10.30am to 7 pm everyday except tuesday.\r\nFrom: Bashundhara Samsung Service Center.\r\n', '2020-10-10 16:04:36', 0, 'English'),
(42, 'celegra', '888801911499833', 'Dear Customer,\r\nYour handset is ready for collection. You may collect it during our visiting hours from 10.30am to 7 pm everyday except tuesday.\r\nFrom: Bashundhara Samsung Service Center.\r\n', '2020-10-10 16:04:36', 0, 'English'),
(43, 'celegra', '8801720198782', 'Dear Sir,\r\nI am from Samsung service center Baitul ViewTower.Your device is ready.Plz collect at 10.30am to 6.00pm.Friday care will be closed.', '2020-10-10 16:07:05', 0, 'English'),
(44, 'celegra', '888801755710083', 'Dear Sir,\r\nI am from Samsung service center Baitul ViewTower.Your device is ready.Plz collect at 10.30am to 6.00pm.Friday care will be closed.', '2020-10-10 16:07:05', 0, 'English'),
(45, 'celegra', '888801715462664', 'Dear Sir,\r\nI am from Samsung service center Baitul ViewTower.Your device is ready.Plz collect at 10.30am to 6.00pm.Friday care will be closed.', '2020-10-10 16:07:05', 0, 'English'),
(46, 'celegra', '888801715983693', 'Dear Sir,\r\nI am from Samsung service center Baitul ViewTower.Your device is ready.Plz collect at 10.30am to 6.00pm.Friday care will be closed.', '2020-10-10 16:07:05', 0, 'English'),
(47, 'celegra', '888801857979748', 'Dear Sir,\r\nI am from Samsung service center Baitul ViewTower.Your device is ready.Plz collect at 10.30am to 6.00pm.Friday care will be closed.', '2020-10-10 16:07:05', 0, 'English'),
(48, 'celegra', '888801711172975', 'Dear Sir,\r\nI am from Samsung service center Baitul ViewTower.Your device is ready.Plz collect at 10.30am to 6.00pm.Friday care will be closed.', '2020-10-10 16:07:05', 0, 'English'),
(49, 'celegra', '888801716045554', 'Dear Sir,\r\nI am from Samsung service center Baitul ViewTower.Your device is ready.Plz collect at 10.30am to 6.00pm.Friday care will be closed.', '2020-10-10 16:07:05', 0, 'English'),
(50, 'celegra', '888801712152997', 'Dear Sir,\r\nI am from Samsung service center Baitul ViewTower.Your device is ready.Plz collect at 10.30am to 6.00pm.Friday care will be closed.', '2020-10-10 16:07:05', 0, 'English'),
(51, 'celegra', '888801710574262', 'Dear Sir,\r\nI am from Samsung service center Baitul ViewTower.Your device is ready.Plz collect at 10.30am to 6.00pm.Friday care will be closed.', '2020-10-10 16:07:05', 0, 'English'),
(52, 'celegra', '8801712107956', 'Dear Customer\r\n\r\nYour handset is ready for collection. You may collect it during our visiting hours from 10:00am to 7:00pm everyday except friday.\r\n\r\nFrom \r\nAkhtaruzzaman Samsung Service Center.\r\n', '2020-10-10 18:29:50', 1, 'English'),
(53, 'celegra', '888801862642200', 'Dear Customer\r\n\r\nYour handset is ready for collection. You may collect it during our visiting hours from 10:00am to 7:00pm everyday except friday.\r\n\r\nFrom \r\nAkhtaruzzaman Samsung Service Center.\r\n', '2020-10-10 18:29:50', 1, 'English'),
(54, 'celegra', '888801711203840', 'Dear Customer\r\n\r\nYour handset is ready for collection. You may collect it during our visiting hours from 10:00am to 7:00pm everyday except friday.\r\n\r\nFrom \r\nAkhtaruzzaman Samsung Service Center.\r\n', '2020-10-10 18:29:50', 1, 'English'),
(55, 'celegra', '888801712367753', 'Dear Customer\r\n\r\nYour handset is ready for collection. You may collect it during our visiting hours from 10:00am to 7:00pm everyday except friday.\r\n\r\nFrom \r\nAkhtaruzzaman Samsung Service Center.\r\n', '2020-10-10 18:29:50', 1, 'English'),
(56, 'celegra', '888801821626614', 'Dear Customer\r\n\r\nYour handset is ready for collection. You may collect it during our visiting hours from 10:00am to 7:00pm everyday except friday.\r\n\r\nFrom \r\nAkhtaruzzaman Samsung Service Center.\r\n', '2020-10-10 18:29:50', 1, 'English'),
(57, 'celegra', '888801928732124', 'Dear Customer\r\n\r\nYour handset is ready for collection. You may collect it during our visiting hours from 10:00am to 7:00pm everyday except friday.\r\n\r\nFrom \r\nAkhtaruzzaman Samsung Service Center.\r\n', '2020-10-10 18:29:50', 1, 'English'),
(58, 'celegra', '888801711330183', 'Dear Customer\r\n\r\nYour handset is ready for collection. You may collect it during our visiting hours from 10:00am to 7:00pm everyday except friday.\r\n\r\nFrom \r\nAkhtaruzzaman Samsung Service Center.\r\n', '2020-10-10 18:29:50', 1, 'English'),
(59, 'celegra', '888801830267544', 'Dear Customer\r\n\r\nYour handset is ready for collection. You may collect it during our visiting hours from 10:00am to 7:00pm everyday except friday.\r\n\r\nFrom \r\nAkhtaruzzaman Samsung Service Center.\r\n', '2020-10-10 18:29:50', 1, 'English'),
(60, 'celegra', '888801713177789', 'Dear Customer\r\n\r\nYour handset is ready for collection. You may collect it during our visiting hours from 10:00am to 7:00pm everyday except friday.\r\n\r\nFrom \r\nAkhtaruzzaman Samsung Service Center.\r\n', '2020-10-10 18:29:50', 1, 'English'),
(61, 'celegra', '888801812006399', 'Dear Customer\r\n\r\nYour handset is ready for collection. You may collect it during our visiting hours from 10:00am to 7:00pm everyday except friday.\r\n\r\nFrom \r\nAkhtaruzzaman Samsung Service Center.\r\n', '2020-10-10 18:29:50', 1, 'English'),
(62, 'celegra', '888801823256489', 'Dear Customer\r\n\r\nYour handset is ready for collection. You may collect it during our visiting hours from 10:00am to 7:00pm everyday except friday.\r\n\r\nFrom \r\nAkhtaruzzaman Samsung Service Center.\r\n', '2020-10-10 18:29:51', 1, 'English'),
(63, 'celegra', '888801717031977', 'Dear Customer\r\n\r\nYour handset is ready for collection. You may collect it during our visiting hours from 10:00am to 7:00pm everyday except friday.\r\n\r\nFrom \r\nAkhtaruzzaman Samsung Service Center.\r\n', '2020-10-10 18:29:51', 1, 'English'),
(64, 'celegra', '888801875646267', 'Dear Customer\r\n\r\nYour handset is ready for collection. You may collect it during our visiting hours from 10:00am to 7:00pm everyday except friday.\r\n\r\nFrom \r\nAkhtaruzzaman Samsung Service Center.\r\n', '2020-10-10 18:29:51', 1, 'English'),
(65, 'celegra', '888801519727511', 'Dear Customer\r\n\r\nYour handset is ready for collection. You may collect it during our visiting hours from 10:00am to 7:00pm everyday except friday.\r\n\r\nFrom \r\nAkhtaruzzaman Samsung Service Center.\r\n', '2020-10-10 18:29:51', 1, 'English'),
(66, 'celegra', '888801863388722', 'Dear Customer\r\n\r\nYour handset is ready for collection. You may collect it during our visiting hours from 10:00am to 7:00pm everyday except friday.\r\n\r\nFrom \r\nAkhtaruzzaman Samsung Service Center.\r\n', '2020-10-10 18:29:51', 1, 'English'),
(67, 'celegra', '888801819358556', 'Dear Customer\r\n\r\nYour handset is ready for collection. You may collect it during our visiting hours from 10:00am to 7:00pm everyday except friday.\r\n\r\nFrom \r\nAkhtaruzzaman Samsung Service Center.\r\n', '2020-10-10 18:29:51', 1, 'English'),
(68, 'celegra', '888801787192315', 'Dear Customer\r\n\r\nYour handset is ready for collection. You may collect it during our visiting hours from 10:00am to 7:00pm everyday except friday.\r\n\r\nFrom \r\nAkhtaruzzaman Samsung Service Center.\r\n', '2020-10-10 18:29:51', 1, 'English'),
(69, 'celegra', '888801787192315', 'Dear Customer\r\n\r\nYour handset is ready for collection. You may collect it during our visiting hours from 10:00am to 7:00pm everyday except friday.\r\n\r\nFrom \r\nAkhtaruzzaman Samsung Service Center.\r\n', '2020-10-10 18:29:51', 1, 'English'),
(70, 'celegra', '888801814816281', 'Dear Customer\r\n\r\nYour handset is ready for collection. You may collect it during our visiting hours from 10:00am to 7:00pm everyday except friday.\r\n\r\nFrom \r\nAkhtaruzzaman Samsung Service Center.\r\n', '2020-10-10 18:29:51', 1, 'English'),
(71, 'celegra', '888801836601399', 'Dear Customer\r\n\r\nYour handset is ready for collection. You may collect it during our visiting hours from 10:00am to 7:00pm everyday except friday.\r\n\r\nFrom \r\nAkhtaruzzaman Samsung Service Center.\r\n', '2020-10-10 18:29:51', 1, 'English'),
(72, 'celegra', '888801835955685', 'Dear Customer\r\n\r\nYour handset is ready for collection. You may collect it during our visiting hours from 10:00am to 7:00pm everyday except friday.\r\n\r\nFrom \r\nAkhtaruzzaman Samsung Service Center.\r\n', '2020-10-10 18:29:51', 1, 'English'),
(73, 'celegra', '888801834827023', 'Dear Customer\r\n\r\nYour handset is ready for collection. You may collect it during our visiting hours from 10:00am to 7:00pm everyday except friday.\r\n\r\nFrom \r\nAkhtaruzzaman Samsung Service Center.\r\n', '2020-10-10 18:29:51', 1, 'English'),
(74, 'celegra', '888801647122335', 'Dear Customer\r\n\r\nYour handset is ready for collection. You may collect it during our visiting hours from 10:00am to 7:00pm everyday except friday.\r\n\r\nFrom \r\nAkhtaruzzaman Samsung Service Center.\r\n', '2020-10-10 18:29:51', 1, 'English'),
(75, 'celegra', '888801711874016', 'Dear Customer\r\n\r\nYour handset is ready for collection. You may collect it during our visiting hours from 10:00am to 7:00pm everyday except friday.\r\n\r\nFrom \r\nAkhtaruzzaman Samsung Service Center.\r\n', '2020-10-10 18:29:51', 1, 'English'),
(76, 'celegra', '888801689864515', 'Dear Customer\r\n\r\nYour handset is ready for collection. You may collect it during our visiting hours from 10:00am to 7:00pm everyday except friday.\r\n\r\nFrom \r\nAkhtaruzzaman Samsung Service Center.\r\n', '2020-10-10 18:29:51', 1, 'English'),
(77, 'celegra', '888801796551094', 'Dear Customer\r\n\r\nYour handset is ready for collection. You may collect it during our visiting hours from 10:00am to 7:00pm everyday except friday.\r\n\r\nFrom \r\nAkhtaruzzaman Samsung Service Center.\r\n', '2020-10-10 18:29:51', 1, 'English'),
(78, 'celegra', '888801818451640', 'Dear Customer\r\n\r\nYour handset is ready for collection. You may collect it during our visiting hours from 10:00am to 7:00pm everyday except friday.\r\n\r\nFrom \r\nAkhtaruzzaman Samsung Service Center.\r\n', '2020-10-10 18:29:52', 1, 'English'),
(79, 'celegra', '888801689921130', 'Dear Customer\r\n\r\nYour handset is ready for collection. You may collect it during our visiting hours from 10:00am to 7:00pm everyday except friday.\r\n\r\nFrom \r\nAkhtaruzzaman Samsung Service Center.\r\n', '2020-10-10 18:29:52', 1, 'English'),
(80, 'celegra', '888801825313537', 'Dear Customer\r\n\r\nYour handset is ready for collection. You may collect it during our visiting hours from 10:00am to 7:00pm everyday except friday.\r\n\r\nFrom \r\nAkhtaruzzaman Samsung Service Center.\r\n', '2020-10-10 18:29:52', 1, 'English'),
(81, 'celegra', '888801630641136', 'Dear Customer\r\n\r\nYour handset is ready for collection. You may collect it during our visiting hours from 10:00am to 7:00pm everyday except friday.\r\n\r\nFrom \r\nAkhtaruzzaman Samsung Service Center.\r\n', '2020-10-10 18:29:52', 1, 'English'),
(82, 'celegra', '888801792992568', 'Dear Customer\r\n\r\nYour handset is ready for collection. You may collect it during our visiting hours from 10:00am to 7:00pm everyday except friday.\r\n\r\nFrom \r\nAkhtaruzzaman Samsung Service Center.\r\n', '2020-10-10 18:29:52', 1, 'English'),
(83, 'celegra', '888801815384404', 'Dear Customer\r\n\r\nYour handset is ready for collection. You may collect it during our visiting hours from 10:00am to 7:00pm everyday except friday.\r\n\r\nFrom \r\nAkhtaruzzaman Samsung Service Center.\r\n', '2020-10-10 18:29:52', 1, 'English'),
(84, 'celegra', '888801732362329', 'Dear Customer\r\n\r\nYour handset is ready for collection. You may collect it during our visiting hours from 10:00am to 7:00pm everyday except friday.\r\n\r\nFrom \r\nAkhtaruzzaman Samsung Service Center.\r\n', '2020-10-10 18:29:52', 1, 'English'),
(85, 'celegra', '888801784399631', 'Dear Customer\r\n\r\nYour handset is ready for collection. You may collect it during our visiting hours from 10:00am to 7:00pm everyday except friday.\r\n\r\nFrom \r\nAkhtaruzzaman Samsung Service Center.\r\n', '2020-10-10 18:29:52', 1, 'English'),
(86, 'celegra', '888801906020111', 'Dear Customer\r\n\r\nYour handset is ready for collection. You may collect it during our visiting hours from 10:00am to 7:00pm everyday except friday.\r\n\r\nFrom \r\nAkhtaruzzaman Samsung Service Center.\r\n', '2020-10-10 18:29:52', 1, 'English'),
(87, 'celegra', '888801644192864', 'Dear Customer\r\n\r\nYour handset is ready for collection. You may collect it during our visiting hours from 10:00am to 7:00pm everyday except friday.\r\n\r\nFrom \r\nAkhtaruzzaman Samsung Service Center.\r\n', '2020-10-10 18:29:52', 1, 'English'),
(88, 'celegra', '888801730739847', 'Dear Customer\r\n\r\nYour handset is ready for collection. You may collect it during our visiting hours from 10:00am to 7:00pm everyday except friday.\r\n\r\nFrom \r\nAkhtaruzzaman Samsung Service Center.\r\n', '2020-10-10 18:29:52', 1, 'English'),
(89, 'celegra', '888801847455863', 'Dear Customer\r\n\r\nYour handset is ready for collection. You may collect it during our visiting hours from 10:00am to 7:00pm everyday except friday.\r\n\r\nFrom \r\nAkhtaruzzaman Samsung Service Center.\r\n', '2020-10-10 18:29:52', 1, 'English'),
(90, 'celegra', '888801717864649', 'Dear Customer\r\n\r\nYour handset is ready for collection. You may collect it during our visiting hours from 10:00am to 7:00pm everyday except friday.\r\n\r\nFrom \r\nAkhtaruzzaman Samsung Service Center.\r\n', '2020-10-10 18:29:52', 1, 'English'),
(91, 'celegra', '888801914067014', 'Dear Customer\r\n\r\nYour handset is ready for collection. You may collect it during our visiting hours from 10:00am to 7:00pm everyday except friday.\r\n\r\nFrom \r\nAkhtaruzzaman Samsung Service Center.\r\n', '2020-10-10 18:29:52', 1, 'English'),
(92, 'celegra', '888801617663232', 'Dear Customer\r\n\r\nYour handset is ready for collection. You may collect it during our visiting hours from 10:00am to 7:00pm everyday except friday.\r\n\r\nFrom \r\nAkhtaruzzaman Samsung Service Center.\r\n', '2020-10-10 18:29:52', 1, 'English'),
(93, 'celegra', '888801840771291', 'Dear Customer\r\n\r\nYour handset is ready for collection. You may collect it during our visiting hours from 10:00am to 7:00pm everyday except friday.\r\n\r\nFrom \r\nAkhtaruzzaman Samsung Service Center.\r\n', '2020-10-10 18:29:52', 1, 'English'),
(94, 'celegra', '888801842357351', 'Dear Customer\r\n\r\nYour handset is ready for collection. You may collect it during our visiting hours from 10:00am to 7:00pm everyday except friday.\r\n\r\nFrom \r\nAkhtaruzzaman Samsung Service Center.\r\n', '2020-10-10 18:29:52', 1, 'English'),
(95, 'celegra', '888801843189949', 'Dear Customer\r\n\r\nYour handset is ready for collection. You may collect it during our visiting hours from 10:00am to 7:00pm everyday except friday.\r\n\r\nFrom \r\nAkhtaruzzaman Samsung Service Center.\r\n', '2020-10-10 18:29:52', 1, 'English'),
(96, 'celegra', '888801754114038', 'Dear Customer\r\n\r\nYour handset is ready for collection. You may collect it during our visiting hours from 10:00am to 7:00pm everyday except friday.\r\n\r\nFrom \r\nAkhtaruzzaman Samsung Service Center.\r\n', '2020-10-10 18:29:53', 1, 'English'),
(97, 'celegra', '888801830575655', 'Dear Customer\r\n\r\nYour handset is ready for collection. You may collect it during our visiting hours from 10:00am to 7:00pm everyday except friday.\r\n\r\nFrom \r\nAkhtaruzzaman Samsung Service Center.\r\n', '2020-10-10 18:29:53', 1, 'English'),
(98, 'celegra', '888801830137248', 'Dear Customer\r\n\r\nYour handset is ready for collection. You may collect it during our visiting hours from 10:00am to 7:00pm everyday except friday.\r\n\r\nFrom \r\nAkhtaruzzaman Samsung Service Center.\r\n', '2020-10-10 18:29:53', 1, 'English'),
(99, 'celegra', '888801708384459', 'Dear Customer\r\n\r\nYour handset is ready for collection. You may collect it during our visiting hours from 10:00am to 7:00pm everyday except friday.\r\n\r\nFrom \r\nAkhtaruzzaman Samsung Service Center.\r\n', '2020-10-10 18:29:53', 1, 'English'),
(100, 'celegra', '888801828564405', 'Dear Customer\r\n\r\nYour handset is ready for collection. You may collect it during our visiting hours from 10:00am to 7:00pm everyday except friday.\r\n\r\nFrom \r\nAkhtaruzzaman Samsung Service Center.\r\n', '2020-10-10 18:29:53', 1, 'English'),
(101, 'celegra', '888801875231134', 'Dear Customer\r\n\r\nYour handset is ready for collection. You may collect it during our visiting hours from 10:00am to 7:00pm everyday except friday.\r\n\r\nFrom \r\nAkhtaruzzaman Samsung Service Center.\r\n', '2020-10-10 18:29:53', 1, 'English'),
(102, 'celegra', '888801827151100', 'Dear Customer\r\n\r\nYour handset is ready for collection. You may collect it during our visiting hours from 10:00am to 7:00pm everyday except friday.\r\n\r\nFrom \r\nAkhtaruzzaman Samsung Service Center.\r\n', '2020-10-10 18:29:53', 1, 'English'),
(103, 'celegra', '888801819980997', 'Dear Customer\r\n\r\nYour handset is ready for collection. You may collect it during our visiting hours from 10:00am to 7:00pm everyday except friday.\r\n\r\nFrom \r\nAkhtaruzzaman Samsung Service Center.\r\n', '2020-10-10 18:29:53', 1, 'English'),
(104, 'celegra', '888801829837797', 'Dear Customer\r\n\r\nYour handset is ready for collection. You may collect it during our visiting hours from 10:00am to 7:00pm everyday except friday.\r\n\r\nFrom \r\nAkhtaruzzaman Samsung Service Center.\r\n', '2020-10-10 18:29:53', 1, 'English'),
(105, 'celegra', '888801824417340', 'Dear Customer\r\n\r\nYour handset is ready for collection. You may collect it during our visiting hours from 10:00am to 7:00pm everyday except friday.\r\n\r\nFrom \r\nAkhtaruzzaman Samsung Service Center.\r\n', '2020-10-10 18:29:53', 1, 'English'),
(106, 'celegra', '888801816503766', 'Dear Customer\r\n\r\nYour handset is ready for collection. You may collect it during our visiting hours from 10:00am to 7:00pm everyday except friday.\r\n\r\nFrom \r\nAkhtaruzzaman Samsung Service Center.\r\n', '2020-10-10 18:29:53', 1, 'English'),
(107, 'celegra', '888801521487112', 'Dear Customer\r\n\r\nYour handset is ready for collection. You may collect it during our visiting hours from 10:00am to 7:00pm everyday except friday.\r\n\r\nFrom \r\nAkhtaruzzaman Samsung Service Center.\r\n', '2020-10-10 18:29:53', 1, 'English'),
(108, 'celegra', '888801825070646', 'Dear Customer\r\n\r\nYour handset is ready for collection. You may collect it during our visiting hours from 10:00am to 7:00pm everyday except friday.\r\n\r\nFrom \r\nAkhtaruzzaman Samsung Service Center.\r\n', '2020-10-10 18:29:53', 1, 'English'),
(109, 'celegra', '888801860273445', 'Dear Customer\r\n\r\nYour handset is ready for collection. You may collect it during our visiting hours from 10:00am to 7:00pm everyday except friday.\r\n\r\nFrom \r\nAkhtaruzzaman Samsung Service Center.\r\n', '2020-10-10 18:29:53', 1, 'English'),
(110, 'celegra', '888801703133580', 'Dear Customer\r\n\r\nYour handset is ready for collection. You may collect it during our visiting hours from 10:00am to 7:00pm everyday except friday.\r\n\r\nFrom \r\nAkhtaruzzaman Samsung Service Center.\r\n', '2020-10-10 18:29:53', 1, 'English'),
(111, 'celegra', '888801817221503', 'Dear Customer\r\n\r\nYour handset is ready for collection. You may collect it during our visiting hours from 10:00am to 7:00pm everyday except friday.\r\n\r\nFrom \r\nAkhtaruzzaman Samsung Service Center.\r\n', '2020-10-10 18:29:53', 1, 'English'),
(112, 'celegra', '888801675218035', 'Dear Customer\r\n\r\nYour handset is ready for collection. You may collect it during our visiting hours from 10:00am to 7:00pm everyday except friday.\r\n\r\nFrom \r\nAkhtaruzzaman Samsung Service Center.\r\n', '2020-10-10 18:29:53', 1, 'English'),
(113, 'celegra', '8801721566865', 'Dear Customer,\r\nYour handset is ready for collection. You may collect it during our visiting hours from 10.30 am to 7 pm every day except Tuesday.\r\nFrom: Bashundhara Samsung Service Center.\r\n', '2020-10-11 12:02:30', 1, 'English'),
(114, 'celegra', '888801734585792', 'Dear Customer,\r\nYour handset is ready for collection. You may collect it during our visiting hours from 10.30 am to 7 pm every day except Tuesday.\r\nFrom: Bashundhara Samsung Service Center.\r\n', '2020-10-11 12:02:31', 1, 'English'),
(115, 'celegra', '888801915754647', 'Dear Customer,\r\nYour handset is ready for collection. You may collect it during our visiting hours from 10.30 am to 7 pm every day except Tuesday.\r\nFrom: Bashundhara Samsung Service Center.\r\n', '2020-10-11 12:02:31', 1, 'English'),
(116, 'celegra', '888801747226677', 'Dear Customer,\r\nYour handset is ready for collection. You may collect it during our visiting hours from 10.30 am to 7 pm every day except Tuesday.\r\nFrom: Bashundhara Samsung Service Center.\r\n', '2020-10-11 12:02:31', 1, 'English'),
(117, 'celegra', '888801911499833', 'Dear Customer,\r\nYour handset is ready for collection. You may collect it during our visiting hours from 10.30 am to 7 pm every day except Tuesday.\r\nFrom: Bashundhara Samsung Service Center.\r\n', '2020-10-11 12:02:31', 1, 'English'),
(118, 'celegra', '8801706860283', 'Dear Customer\r\n\r\nYour handset is ready for collection. You may collect it during our visiting hours from 10:00am to 7:00pm everyday except friday.\r\n\r\nFrom Rajshahi Samsung Service Centre', '2020-10-11 12:36:15', 1, 'English'),
(119, 'celegra', '888801718060284', 'Dear Customer\r\n\r\nYour handset is ready for collection. You may collect it during our visiting hours from 10:00am to 7:00pm everyday except friday.\r\n\r\nFrom Rajshahi Samsung Service Centre', '2020-10-11 12:36:15', 1, 'English'),
(120, 'celegra', '888801728325281', 'Dear Customer\r\n\r\nYour handset is ready for collection. You may collect it during our visiting hours from 10:00am to 7:00pm everyday except friday.\r\n\r\nFrom Rajshahi Samsung Service Centre', '2020-10-11 12:36:15', 1, 'English'),
(121, 'celegra', '888801787763196', 'Dear Customer\r\n\r\nYour handset is ready for collection. You may collect it during our visiting hours from 10:00am to 7:00pm everyday except friday.\r\n\r\nFrom Rajshahi Samsung Service Centre', '2020-10-11 12:36:15', 1, 'English'),
(122, 'celegra', '888801747387954', 'Dear Customer\r\n\r\nYour handset is ready for collection. You may collect it during our visiting hours from 10:00am to 7:00pm everyday except friday.\r\n\r\nFrom Rajshahi Samsung Service Centre', '2020-10-11 12:36:15', 1, 'English'),
(123, 'celegra', '888801913485935', 'Dear Customer\r\n\r\nYour handset is ready for collection. You may collect it during our visiting hours from 10:00am to 7:00pm everyday except friday.\r\n\r\nFrom Rajshahi Samsung Service Centre', '2020-10-11 12:36:15', 1, 'English'),
(124, 'celegra', '888801712190389', 'Dear Customer\r\n\r\nYour handset is ready for collection. You may collect it during our visiting hours from 10:00am to 7:00pm everyday except friday.\r\n\r\nFrom Rajshahi Samsung Service Centre', '2020-10-11 12:36:15', 1, 'English'),
(125, 'celegra', '888801706345589', 'Dear Customer\r\n\r\nYour handset is ready for collection. You may collect it during our visiting hours from 10:00am to 7:00pm everyday except friday.\r\n\r\nFrom Rajshahi Samsung Service Centre', '2020-10-11 12:36:15', 1, 'English'),
(126, 'celegra', '8801911499833', 'FDSHMH', '2020-10-11 12:47:26', 1, 'English'),
(127, 'celegra', '01911499833', 'CVGCDGGD', '2020-10-11 12:48:30', 1, 'English'),
(128, 'celegra', '8801862718059', 'Dear Customer,\r\nYour handset is ready for collection. You may collect it during our visiting hours from 10.30 am to 7 pm every day except Tuesday.\r\nFrom: Bashundhara Samsung Service Center.\r\n', '2020-10-11 14:13:58', 1, 'English'),
(129, 'celegra', '888801757049170', 'Dear Customer,\r\nYour handset is ready for collection. You may collect it during our visiting hours from 10.30 am to 7 pm every day except Tuesday.\r\nFrom: Bashundhara Samsung Service Center.\r\n', '2020-10-11 14:13:58', 1, 'English'),
(130, 'celegra', '888801736659377', 'Dear Customer,\r\nYour handset is ready for collection. You may collect it during our visiting hours from 10.30 am to 7 pm every day except Tuesday.\r\nFrom: Bashundhara Samsung Service Center.\r\n', '2020-10-11 14:13:58', 1, 'English'),
(131, 'celegra', '888801406173617', 'Dear Customer,\r\nYour handset is ready for collection. You may collect it during our visiting hours from 10.30 am to 7 pm every day except Tuesday.\r\nFrom: Bashundhara Samsung Service Center.\r\n', '2020-10-11 14:13:58', 1, 'English'),
(132, 'celegra', '888801912751258', 'Dear Customer,\r\nYour handset is ready for collection. You may collect it during our visiting hours from 10.30 am to 7 pm every day except Tuesday.\r\nFrom: Bashundhara Samsung Service Center.\r\n', '2020-10-11 14:13:58', 1, 'English'),
(133, 'celegra', '888801819543484', 'Dear Customer,\r\nYour handset is ready for collection. You may collect it during our visiting hours from 10.30 am to 7 pm every day except Tuesday.\r\nFrom: Bashundhara Samsung Service Center.\r\n', '2020-10-11 14:13:58', 1, 'English'),
(134, 'celegra', '888801734585792', 'Dear Customer,\r\nYour handset is ready for collection. You may collect it during our visiting hours from 10.30 am to 7 pm every day except Tuesday.\r\nFrom: Bashundhara Samsung Service Center.\r\n', '2020-10-11 14:13:58', 1, 'English'),
(135, 'celegra', '8801674910651', 'Dear Customer,\r\nYour handset is ready for collection. You may collect it during our visiting hours from 10.30 am to 7 pm every day except Tuesday.\r\nFrom: Bashundhara Samsung Service Center.\r\n', '2020-10-11 14:18:44', 1, 'English'),
(136, 'celegra', '888801632599510', 'Dear Customer,\r\nYour handset is ready for collection. You may collect it during our visiting hours from 10.30 am to 7 pm every day except Tuesday.\r\nFrom: Bashundhara Samsung Service Center.\r\n', '2020-10-11 14:18:44', 1, 'English'),
(137, 'celegra', '8801713333299', 'test msg', '2020-10-11 14:22:02', 1, 'English'),
(138, 'celegra', '8801678170244', 'Dear Customer\r\n\r\nYour handset is ready for collection. You may collect it during our visiting hours from 10:00am to 7:00pm everyday except friday.\r\n\r\nFrom Palton Samsung Service Centre', '2020-10-11 14:39:12', 1, 'English'),
(139, 'celegra', '888801677109307', 'Dear Customer\r\n\r\nYour handset is ready for collection. You may collect it during our visiting hours from 10:00am to 7:00pm everyday except friday.\r\n\r\nFrom Palton Samsung Service Centre', '2020-10-11 14:39:12', 1, 'English'),
(140, 'celegra', '888801790126590', 'Dear Customer\r\n\r\nYour handset is ready for collection. You may collect it during our visiting hours from 10:00am to 7:00pm everyday except friday.\r\n\r\nFrom Palton Samsung Service Centre', '2020-10-11 14:39:12', 1, 'English'),
(141, 'celegra', '888801854878019', 'Dear Customer\r\n\r\nYour handset is ready for collection. You may collect it during our visiting hours from 10:00am to 7:00pm everyday except friday.\r\n\r\nFrom Palton Samsung Service Centre', '2020-10-11 14:39:12', 1, 'English'),
(142, 'celegra', '888801711245423', 'Dear Customer\r\n\r\nYour handset is ready for collection. You may collect it during our visiting hours from 10:00am to 7:00pm everyday except friday.\r\n\r\nFrom Palton Samsung Service Centre', '2020-10-11 14:39:12', 1, 'English'),
(143, 'celegra', '888801886677744', 'Dear Customer\r\n\r\nYour handset is ready for collection. You may collect it during our visiting hours from 10:00am to 7:00pm everyday except friday.\r\n\r\nFrom Palton Samsung Service Centre', '2020-10-11 14:39:12', 1, 'English'),
(144, 'celegra', '888801913511122', 'Dear Customer\r\n\r\nYour handset is ready for collection. You may collect it during our visiting hours from 10:00am to 7:00pm everyday except friday.\r\n\r\nFrom Palton Samsung Service Centre', '2020-10-11 14:39:12', 1, 'English'),
(145, 'celegra', '888801616277888', 'Dear Customer\r\n\r\nYour handset is ready for collection. You may collect it during our visiting hours from 10:00am to 7:00pm everyday except friday.\r\n\r\nFrom Palton Samsung Service Centre', '2020-10-11 14:39:12', 1, 'English'),
(146, 'celegra', '888801759444921', 'Dear Customer\r\n\r\nYour handset is ready for collection. You may collect it during our visiting hours from 10:00am to 7:00pm everyday except friday.\r\n\r\nFrom Palton Samsung Service Centre', '2020-10-11 14:39:12', 1, 'English'),
(147, 'celegra', '888801712703261', 'Dear Customer\r\n\r\nYour handset is ready for collection. You may collect it during our visiting hours from 10:00am to 7:00pm everyday except friday.\r\n\r\nFrom Palton Samsung Service Centre', '2020-10-11 14:39:12', 1, 'English'),
(148, 'celegra', '888801705716999', 'Dear Customer\r\n\r\nYour handset is ready for collection. You may collect it during our visiting hours from 10:00am to 7:00pm everyday except friday.\r\n\r\nFrom Palton Samsung Service Centre', '2020-10-11 14:39:12', 1, 'English'),
(149, 'celegra', '888801916444577', 'Dear Customer\r\n\r\nYour handset is ready for collection. You may collect it during our visiting hours from 10:00am to 7:00pm everyday except friday.\r\n\r\nFrom Palton Samsung Service Centre', '2020-10-11 14:39:12', 1, 'English'),
(150, 'celegra', '888801736511865', 'Dear Customer\r\n\r\nYour handset is ready for collection. You may collect it during our visiting hours from 10:00am to 7:00pm everyday except friday.\r\n\r\nFrom Palton Samsung Service Centre', '2020-10-11 14:39:12', 1, 'English'),
(151, 'celegra', '888801553537876', 'Dear Customer\r\n\r\nYour handset is ready for collection. You may collect it during our visiting hours from 10:00am to 7:00pm everyday except friday.\r\n\r\nFrom Palton Samsung Service Centre', '2020-10-11 14:39:12', 1, 'English');

-- --------------------------------------------------------

--
-- Table structure for table `mt`
--

CREATE TABLE IF NOT EXISTS `mt` (
  `id` bigint(20) NOT NULL AUTO_INCREMENT,
  `sender` varchar(50) NOT NULL,
  `to` varchar(20) NOT NULL,
  `sms` varchar(500) NOT NULL,
  `date_time` datetime NOT NULL,
  `telco_id` tinyint(1) NOT NULL,
  PRIMARY KEY (`id`)
) ENGINE=InnoDB DEFAULT CHARSET=utf8 AUTO_INCREMENT=1 ;

-- --------------------------------------------------------

--
-- Table structure for table `mt_log`
--

CREATE TABLE IF NOT EXISTS `mt_log` (
  `id` bigint(20) NOT NULL AUTO_INCREMENT,
  `sender` varchar(30) NOT NULL,
  `Mob_To` varchar(13) NOT NULL,
  `sms` text CHARACTER SET utf8 NOT NULL,
  `date_time` datetime NOT NULL,
  `telco_id` tinyint(1) NOT NULL,
  `lang` varchar(200) NOT NULL,
  PRIMARY KEY (`id`)
) ENGINE=InnoDB  DEFAULT CHARSET=latin1 AUTO_INCREMENT=152 ;

--
-- Dumping data for table `mt_log`
--

INSERT INTO `mt_log` (`id`, `sender`, `Mob_To`, `sms`, `date_time`, `telco_id`, `lang`) VALUES
(6, 'sagar', '8801796619601', '   ,  ', '2020-10-08 16:01:39', 1, 'Bangla'),
(7, 'celegra', '8801673954869', 'test sms', '2020-10-10 12:06:57', 6, 'English'),
(8, 'celegra', '01673954869', 'test2', '2020-10-10 12:07:22', 7, 'English'),
(9, 'celegra', '8810713333299', 'Bulk SMS system has been progressed. Pls use this for to send the customer for handset collection.', '2020-10-10 12:50:07', 7, 'English'),
(10, 'celegra', '8801713333299', 'sms', '2020-10-10 12:55:07', 1, 'English'),
(11, 'celegra', '8801674910651', 'Test Sms', '2020-10-10 13:43:25', 6, 'English'),
(12, 'celegra', '8801674364214', 'Test Sms.', '2020-10-10 13:43:42', 6, 'English'),
(13, 'celegra', '8801713764185', 'tex sms', '2020-10-10 13:43:43', 1, 'English'),
(14, 'celegra', '1955232609', 'hllo', '2020-10-10 13:44:28', 7, 'English'),
(15, 'celegra', '8801914930517', 'Dear Customer\r\n\r\nYour handset is ready for collection. You may collect it during our visiting hours from 10:00am to 7:00pm everyday except friday.\r\n\r\nFrom Rajshahi Samsung Service Centre', '2020-10-10 14:33:53', 3, 'English'),
(16, 'celegra', '8888017283237', 'Dear Customer\r\n\r\nYour handset is ready for collection. You may collect it during our visiting hours from 10:00am to 7:00pm everyday except friday.\r\n\r\nFrom Rajshahi Samsung Service Centre', '2020-10-10 14:33:53', 7, 'English'),
(17, 'celegra', '8888019187445', 'Dear Customer\r\n\r\nYour handset is ready for collection. You may collect it during our visiting hours from 10:00am to 7:00pm everyday except friday.\r\n\r\nFrom Rajshahi Samsung Service Centre', '2020-10-10 14:33:53', 7, 'English'),
(18, 'celegra', '01722053895', 'TEST SMS', '2020-10-10 14:42:41', 7, 'English'),
(19, 'celegra', '8801911499833', 'Dear Customer,\r\n\r\nYour handset is ready for collection. You may collect it during our visiting hours from 10.30 am to 7 pm everyday except Tuesday.\r\n\r\nFrom: Bashundhara Samsung Service Center.', '2020-10-10 14:54:53', 3, 'English'),
(20, 'celegra', '8888017220538', 'Dear Customer,\r\n\r\nYour handset is ready for collection. You may collect it during our visiting hours from 10.30 am to 7 pm everyday except Tuesday.\r\n\r\nFrom: Bashundhara Samsung Service Center.', '2020-10-10 14:54:53', 7, 'English'),
(21, 'celegra', '8888016749106', 'Dear Customer,\r\n\r\nYour handset is ready for collection. You may collect it during our visiting hours from 10.30 am to 7 pm everyday except Tuesday.\r\n\r\nFrom: Bashundhara Samsung Service Center.', '2020-10-10 14:54:53', 7, 'English'),
(22, 'celegra', '8801712593128', 'Dear Customer,\r\nYour handset is ready for collection. You may collect it during our visiting hours from 10.30am to 7 pm everyday except tuesday.\r\n\r\nFrom: Bashundhara Samsung Service Center.', '2020-10-10 15:08:54', 1, 'English'),
(23, 'celegra', '8888017624205', 'Dear Customer,\r\nYour handset is ready for collection. You may collect it during our visiting hours from 10.30am to 7 pm everyday except tuesday.\r\n\r\nFrom: Bashundhara Samsung Service Center.', '2020-10-10 15:08:55', 7, 'English'),
(24, 'celegra', '8888017218714', 'Dear Customer,\r\nYour handset is ready for collection. You may collect it during our visiting hours from 10.30am to 7 pm everyday except tuesday.\r\n\r\nFrom: Bashundhara Samsung Service Center.', '2020-10-10 15:08:55', 7, 'English'),
(25, 'celegra', '1710574262', 'Dear Sir,\r\nI am from Samsung service center Baitul View Tower.Your device is ready.Plz collect at 10.30am to 6.00pm.Friday care will be closed.', '2020-10-10 15:50:27', 7, 'English'),
(26, 'celegra', '881712152997', 'Dear Sir,\r\nI am from Samsung service center Baitul View Tower.Your device is ready.Plz collect at 10.30am to 6.00pm.Friday care will be closed.', '2020-10-10 15:50:27', 7, 'English'),
(27, 'celegra', '881716045554', 'Dear Sir,\r\nI am from Samsung service center Baitul View Tower.Your device is ready.Plz collect at 10.30am to 6.00pm.Friday care will be closed.', '2020-10-10 15:50:27', 7, 'English'),
(28, 'celegra', '881711172975', 'Dear Sir,\r\nI am from Samsung service center Baitul View Tower.Your device is ready.Plz collect at 10.30am to 6.00pm.Friday care will be closed.', '2020-10-10 15:50:27', 7, 'English'),
(29, 'celegra', '01955232609', 'Dear Sir,\r\nI am from Samsung service center Baitul ViewTower.Your device is ready.Plz collect at 10.30am to 6.00pm.Friday care will be closed.', '2020-10-10 15:58:56', 7, 'English'),
(30, 'celegra', '8801869481532', 'test', '2020-10-10 15:59:35', 4, 'English'),
(31, 'celegra', '8801711057371', 'Dear Customer,\r\nYour handset is ready for collection. You may collect it during our visiting hours from 10.30am to 7 pm everyday except tuesday.\r\nFrom: Bashundhara Samsung Service Center.\r\n', '2020-10-10 16:04:35', 1, 'English'),
(32, 'celegra', '8888017624205', 'Dear Customer,\r\nYour handset is ready for collection. You may collect it during our visiting hours from 10.30am to 7 pm everyday except tuesday.\r\nFrom: Bashundhara Samsung Service Center.\r\n', '2020-10-10 16:04:35', 7, 'English'),
(33, 'celegra', '8888017218714', 'Dear Customer,\r\nYour handset is ready for collection. You may collect it during our visiting hours from 10.30am to 7 pm everyday except tuesday.\r\nFrom: Bashundhara Samsung Service Center.\r\n', '2020-10-10 16:04:35', 7, 'English'),
(34, 'celegra', '8888015212008', 'Dear Customer,\r\nYour handset is ready for collection. You may collect it during our visiting hours from 10.30am to 7 pm everyday except tuesday.\r\nFrom: Bashundhara Samsung Service Center.\r\n', '2020-10-10 16:04:35', 7, 'English'),
(35, 'celegra', '8888016856622', 'Dear Customer,\r\nYour handset is ready for collection. You may collect it during our visiting hours from 10.30am to 7 pm everyday except tuesday.\r\nFrom: Bashundhara Samsung Service Center.\r\n', '2020-10-10 16:04:36', 7, 'English'),
(36, 'celegra', '8888017177312', 'Dear Customer,\r\nYour handset is ready for collection. You may collect it during our visiting hours from 10.30am to 7 pm everyday except tuesday.\r\nFrom: Bashundhara Samsung Service Center.\r\n', '2020-10-10 16:04:36', 7, 'English'),
(37, 'celegra', '8888019746093', 'Dear Customer,\r\nYour handset is ready for collection. You may collect it during our visiting hours from 10.30am to 7 pm everyday except tuesday.\r\nFrom: Bashundhara Samsung Service Center.\r\n', '2020-10-10 16:04:36', 7, 'English'),
(38, 'celegra', '8888017234103', 'Dear Customer,\r\nYour handset is ready for collection. You may collect it during our visiting hours from 10.30am to 7 pm everyday except tuesday.\r\nFrom: Bashundhara Samsung Service Center.\r\n', '2020-10-10 16:04:36', 7, 'English'),
(39, 'celegra', '8888018452586', 'Dear Customer,\r\nYour handset is ready for collection. You may collect it during our visiting hours from 10.30am to 7 pm everyday except tuesday.\r\nFrom: Bashundhara Samsung Service Center.\r\n', '2020-10-10 16:04:36', 7, 'English'),
(40, 'celegra', '8888017248784', 'Dear Customer,\r\nYour handset is ready for collection. You may collect it during our visiting hours from 10.30am to 7 pm everyday except tuesday.\r\nFrom: Bashundhara Samsung Service Center.\r\n', '2020-10-10 16:04:36', 7, 'English'),
(41, 'celegra', '8888017371964', 'Dear Customer,\r\nYour handset is ready for collection. You may collect it during our visiting hours from 10.30am to 7 pm everyday except tuesday.\r\nFrom: Bashundhara Samsung Service Center.\r\n', '2020-10-10 16:04:36', 7, 'English'),
(42, 'celegra', '8888019114998', 'Dear Customer,\r\nYour handset is ready for collection. You may collect it during our visiting hours from 10.30am to 7 pm everyday except tuesday.\r\nFrom: Bashundhara Samsung Service Center.\r\n', '2020-10-10 16:04:36', 7, 'English'),
(43, 'celegra', '8801720198782', 'Dear Sir,\r\nI am from Samsung service center Baitul ViewTower.Your device is ready.Plz collect at 10.30am to 6.00pm.Friday care will be closed.', '2020-10-10 16:07:05', 1, 'English'),
(44, 'celegra', '8888017557100', 'Dear Sir,\r\nI am from Samsung service center Baitul ViewTower.Your device is ready.Plz collect at 10.30am to 6.00pm.Friday care will be closed.', '2020-10-10 16:07:05', 7, 'English'),
(45, 'celegra', '8888017154626', 'Dear Sir,\r\nI am from Samsung service center Baitul ViewTower.Your device is ready.Plz collect at 10.30am to 6.00pm.Friday care will be closed.', '2020-10-10 16:07:05', 7, 'English'),
(46, 'celegra', '8888017159836', 'Dear Sir,\r\nI am from Samsung service center Baitul ViewTower.Your device is ready.Plz collect at 10.30am to 6.00pm.Friday care will be closed.', '2020-10-10 16:07:05', 7, 'English'),
(47, 'celegra', '8888018579797', 'Dear Sir,\r\nI am from Samsung service center Baitul ViewTower.Your device is ready.Plz collect at 10.30am to 6.00pm.Friday care will be closed.', '2020-10-10 16:07:05', 7, 'English'),
(48, 'celegra', '8888017111729', 'Dear Sir,\r\nI am from Samsung service center Baitul ViewTower.Your device is ready.Plz collect at 10.30am to 6.00pm.Friday care will be closed.', '2020-10-10 16:07:05', 7, 'English'),
(49, 'celegra', '8888017160455', 'Dear Sir,\r\nI am from Samsung service center Baitul ViewTower.Your device is ready.Plz collect at 10.30am to 6.00pm.Friday care will be closed.', '2020-10-10 16:07:05', 7, 'English'),
(50, 'celegra', '8888017121529', 'Dear Sir,\r\nI am from Samsung service center Baitul ViewTower.Your device is ready.Plz collect at 10.30am to 6.00pm.Friday care will be closed.', '2020-10-10 16:07:05', 7, 'English'),
(51, 'celegra', '8888017105742', 'Dear Sir,\r\nI am from Samsung service center Baitul ViewTower.Your device is ready.Plz collect at 10.30am to 6.00pm.Friday care will be closed.', '2020-10-10 16:07:05', 7, 'English'),
(52, 'celegra', '8801712107956', 'Dear Customer\r\n\r\nYour handset is ready for collection. You may collect it during our visiting hours from 10:00am to 7:00pm everyday except friday.\r\n\r\nFrom \r\nAkhtaruzzaman Samsung Service Center.\r\n', '2020-10-10 18:29:50', 1, 'English'),
(53, 'celegra', '8888018626422', 'Dear Customer\r\n\r\nYour handset is ready for collection. You may collect it during our visiting hours from 10:00am to 7:00pm everyday except friday.\r\n\r\nFrom \r\nAkhtaruzzaman Samsung Service Center.\r\n', '2020-10-10 18:29:50', 7, 'English'),
(54, 'celegra', '8888017112038', 'Dear Customer\r\n\r\nYour handset is ready for collection. You may collect it during our visiting hours from 10:00am to 7:00pm everyday except friday.\r\n\r\nFrom \r\nAkhtaruzzaman Samsung Service Center.\r\n', '2020-10-10 18:29:50', 7, 'English'),
(55, 'celegra', '8888017123677', 'Dear Customer\r\n\r\nYour handset is ready for collection. You may collect it during our visiting hours from 10:00am to 7:00pm everyday except friday.\r\n\r\nFrom \r\nAkhtaruzzaman Samsung Service Center.\r\n', '2020-10-10 18:29:50', 7, 'English'),
(56, 'celegra', '8888018216266', 'Dear Customer\r\n\r\nYour handset is ready for collection. You may collect it during our visiting hours from 10:00am to 7:00pm everyday except friday.\r\n\r\nFrom \r\nAkhtaruzzaman Samsung Service Center.\r\n', '2020-10-10 18:29:50', 7, 'English'),
(57, 'celegra', '8888019287321', 'Dear Customer\r\n\r\nYour handset is ready for collection. You may collect it during our visiting hours from 10:00am to 7:00pm everyday except friday.\r\n\r\nFrom \r\nAkhtaruzzaman Samsung Service Center.\r\n', '2020-10-10 18:29:50', 7, 'English'),
(58, 'celegra', '8888017113301', 'Dear Customer\r\n\r\nYour handset is ready for collection. You may collect it during our visiting hours from 10:00am to 7:00pm everyday except friday.\r\n\r\nFrom \r\nAkhtaruzzaman Samsung Service Center.\r\n', '2020-10-10 18:29:50', 7, 'English'),
(59, 'celegra', '8888018302675', 'Dear Customer\r\n\r\nYour handset is ready for collection. You may collect it during our visiting hours from 10:00am to 7:00pm everyday except friday.\r\n\r\nFrom \r\nAkhtaruzzaman Samsung Service Center.\r\n', '2020-10-10 18:29:50', 7, 'English'),
(60, 'celegra', '8888017131777', 'Dear Customer\r\n\r\nYour handset is ready for collection. You may collect it during our visiting hours from 10:00am to 7:00pm everyday except friday.\r\n\r\nFrom \r\nAkhtaruzzaman Samsung Service Center.\r\n', '2020-10-10 18:29:50', 7, 'English'),
(61, 'celegra', '8888018120063', 'Dear Customer\r\n\r\nYour handset is ready for collection. You may collect it during our visiting hours from 10:00am to 7:00pm everyday except friday.\r\n\r\nFrom \r\nAkhtaruzzaman Samsung Service Center.\r\n', '2020-10-10 18:29:50', 7, 'English'),
(62, 'celegra', '8888018232564', 'Dear Customer\r\n\r\nYour handset is ready for collection. You may collect it during our visiting hours from 10:00am to 7:00pm everyday except friday.\r\n\r\nFrom \r\nAkhtaruzzaman Samsung Service Center.\r\n', '2020-10-10 18:29:51', 7, 'English'),
(63, 'celegra', '8888017170319', 'Dear Customer\r\n\r\nYour handset is ready for collection. You may collect it during our visiting hours from 10:00am to 7:00pm everyday except friday.\r\n\r\nFrom \r\nAkhtaruzzaman Samsung Service Center.\r\n', '2020-10-10 18:29:51', 7, 'English'),
(64, 'celegra', '8888018756462', 'Dear Customer\r\n\r\nYour handset is ready for collection. You may collect it during our visiting hours from 10:00am to 7:00pm everyday except friday.\r\n\r\nFrom \r\nAkhtaruzzaman Samsung Service Center.\r\n', '2020-10-10 18:29:51', 7, 'English'),
(65, 'celegra', '8888015197275', 'Dear Customer\r\n\r\nYour handset is ready for collection. You may collect it during our visiting hours from 10:00am to 7:00pm everyday except friday.\r\n\r\nFrom \r\nAkhtaruzzaman Samsung Service Center.\r\n', '2020-10-10 18:29:51', 7, 'English'),
(66, 'celegra', '8888018633887', 'Dear Customer\r\n\r\nYour handset is ready for collection. You may collect it during our visiting hours from 10:00am to 7:00pm everyday except friday.\r\n\r\nFrom \r\nAkhtaruzzaman Samsung Service Center.\r\n', '2020-10-10 18:29:51', 7, 'English'),
(67, 'celegra', '8888018193585', 'Dear Customer\r\n\r\nYour handset is ready for collection. You may collect it during our visiting hours from 10:00am to 7:00pm everyday except friday.\r\n\r\nFrom \r\nAkhtaruzzaman Samsung Service Center.\r\n', '2020-10-10 18:29:51', 7, 'English'),
(68, 'celegra', '8888017871923', 'Dear Customer\r\n\r\nYour handset is ready for collection. You may collect it during our visiting hours from 10:00am to 7:00pm everyday except friday.\r\n\r\nFrom \r\nAkhtaruzzaman Samsung Service Center.\r\n', '2020-10-10 18:29:51', 7, 'English'),
(69, 'celegra', '8888017871923', 'Dear Customer\r\n\r\nYour handset is ready for collection. You may collect it during our visiting hours from 10:00am to 7:00pm everyday except friday.\r\n\r\nFrom \r\nAkhtaruzzaman Samsung Service Center.\r\n', '2020-10-10 18:29:51', 7, 'English'),
(70, 'celegra', '8888018148162', 'Dear Customer\r\n\r\nYour handset is ready for collection. You may collect it during our visiting hours from 10:00am to 7:00pm everyday except friday.\r\n\r\nFrom \r\nAkhtaruzzaman Samsung Service Center.\r\n', '2020-10-10 18:29:51', 7, 'English'),
(71, 'celegra', '8888018366013', 'Dear Customer\r\n\r\nYour handset is ready for collection. You may collect it during our visiting hours from 10:00am to 7:00pm everyday except friday.\r\n\r\nFrom \r\nAkhtaruzzaman Samsung Service Center.\r\n', '2020-10-10 18:29:51', 7, 'English'),
(72, 'celegra', '8888018359556', 'Dear Customer\r\n\r\nYour handset is ready for collection. You may collect it during our visiting hours from 10:00am to 7:00pm everyday except friday.\r\n\r\nFrom \r\nAkhtaruzzaman Samsung Service Center.\r\n', '2020-10-10 18:29:51', 7, 'English'),
(73, 'celegra', '8888018348270', 'Dear Customer\r\n\r\nYour handset is ready for collection. You may collect it during our visiting hours from 10:00am to 7:00pm everyday except friday.\r\n\r\nFrom \r\nAkhtaruzzaman Samsung Service Center.\r\n', '2020-10-10 18:29:51', 7, 'English'),
(74, 'celegra', '8888016471223', 'Dear Customer\r\n\r\nYour handset is ready for collection. You may collect it during our visiting hours from 10:00am to 7:00pm everyday except friday.\r\n\r\nFrom \r\nAkhtaruzzaman Samsung Service Center.\r\n', '2020-10-10 18:29:51', 7, 'English'),
(75, 'celegra', '8888017118740', 'Dear Customer\r\n\r\nYour handset is ready for collection. You may collect it during our visiting hours from 10:00am to 7:00pm everyday except friday.\r\n\r\nFrom \r\nAkhtaruzzaman Samsung Service Center.\r\n', '2020-10-10 18:29:51', 7, 'English'),
(76, 'celegra', '8888016898645', 'Dear Customer\r\n\r\nYour handset is ready for collection. You may collect it during our visiting hours from 10:00am to 7:00pm everyday except friday.\r\n\r\nFrom \r\nAkhtaruzzaman Samsung Service Center.\r\n', '2020-10-10 18:29:51', 7, 'English'),
(77, 'celegra', '8888017965510', 'Dear Customer\r\n\r\nYour handset is ready for collection. You may collect it during our visiting hours from 10:00am to 7:00pm everyday except friday.\r\n\r\nFrom \r\nAkhtaruzzaman Samsung Service Center.\r\n', '2020-10-10 18:29:51', 7, 'English'),
(78, 'celegra', '8888018184516', 'Dear Customer\r\n\r\nYour handset is ready for collection. You may collect it during our visiting hours from 10:00am to 7:00pm everyday except friday.\r\n\r\nFrom \r\nAkhtaruzzaman Samsung Service Center.\r\n', '2020-10-10 18:29:52', 7, 'English'),
(79, 'celegra', '8888016899211', 'Dear Customer\r\n\r\nYour handset is ready for collection. You may collect it during our visiting hours from 10:00am to 7:00pm everyday except friday.\r\n\r\nFrom \r\nAkhtaruzzaman Samsung Service Center.\r\n', '2020-10-10 18:29:52', 7, 'English'),
(80, 'celegra', '8888018253135', 'Dear Customer\r\n\r\nYour handset is ready for collection. You may collect it during our visiting hours from 10:00am to 7:00pm everyday except friday.\r\n\r\nFrom \r\nAkhtaruzzaman Samsung Service Center.\r\n', '2020-10-10 18:29:52', 7, 'English'),
(81, 'celegra', '8888016306411', 'Dear Customer\r\n\r\nYour handset is ready for collection. You may collect it during our visiting hours from 10:00am to 7:00pm everyday except friday.\r\n\r\nFrom \r\nAkhtaruzzaman Samsung Service Center.\r\n', '2020-10-10 18:29:52', 7, 'English'),
(82, 'celegra', '8888017929925', 'Dear Customer\r\n\r\nYour handset is ready for collection. You may collect it during our visiting hours from 10:00am to 7:00pm everyday except friday.\r\n\r\nFrom \r\nAkhtaruzzaman Samsung Service Center.\r\n', '2020-10-10 18:29:52', 7, 'English'),
(83, 'celegra', '8888018153844', 'Dear Customer\r\n\r\nYour handset is ready for collection. You may collect it during our visiting hours from 10:00am to 7:00pm everyday except friday.\r\n\r\nFrom \r\nAkhtaruzzaman Samsung Service Center.\r\n', '2020-10-10 18:29:52', 7, 'English'),
(84, 'celegra', '8888017323623', 'Dear Customer\r\n\r\nYour handset is ready for collection. You may collect it during our visiting hours from 10:00am to 7:00pm everyday except friday.\r\n\r\nFrom \r\nAkhtaruzzaman Samsung Service Center.\r\n', '2020-10-10 18:29:52', 7, 'English'),
(85, 'celegra', '8888017843996', 'Dear Customer\r\n\r\nYour handset is ready for collection. You may collect it during our visiting hours from 10:00am to 7:00pm everyday except friday.\r\n\r\nFrom \r\nAkhtaruzzaman Samsung Service Center.\r\n', '2020-10-10 18:29:52', 7, 'English'),
(86, 'celegra', '8888019060201', 'Dear Customer\r\n\r\nYour handset is ready for collection. You may collect it during our visiting hours from 10:00am to 7:00pm everyday except friday.\r\n\r\nFrom \r\nAkhtaruzzaman Samsung Service Center.\r\n', '2020-10-10 18:29:52', 7, 'English'),
(87, 'celegra', '8888016441928', 'Dear Customer\r\n\r\nYour handset is ready for collection. You may collect it during our visiting hours from 10:00am to 7:00pm everyday except friday.\r\n\r\nFrom \r\nAkhtaruzzaman Samsung Service Center.\r\n', '2020-10-10 18:29:52', 7, 'English'),
(88, 'celegra', '8888017307398', 'Dear Customer\r\n\r\nYour handset is ready for collection. You may collect it during our visiting hours from 10:00am to 7:00pm everyday except friday.\r\n\r\nFrom \r\nAkhtaruzzaman Samsung Service Center.\r\n', '2020-10-10 18:29:52', 7, 'English'),
(89, 'celegra', '8888018474558', 'Dear Customer\r\n\r\nYour handset is ready for collection. You may collect it during our visiting hours from 10:00am to 7:00pm everyday except friday.\r\n\r\nFrom \r\nAkhtaruzzaman Samsung Service Center.\r\n', '2020-10-10 18:29:52', 7, 'English'),
(90, 'celegra', '8888017178646', 'Dear Customer\r\n\r\nYour handset is ready for collection. You may collect it during our visiting hours from 10:00am to 7:00pm everyday except friday.\r\n\r\nFrom \r\nAkhtaruzzaman Samsung Service Center.\r\n', '2020-10-10 18:29:52', 7, 'English'),
(91, 'celegra', '8888019140670', 'Dear Customer\r\n\r\nYour handset is ready for collection. You may collect it during our visiting hours from 10:00am to 7:00pm everyday except friday.\r\n\r\nFrom \r\nAkhtaruzzaman Samsung Service Center.\r\n', '2020-10-10 18:29:52', 7, 'English'),
(92, 'celegra', '8888016176632', 'Dear Customer\r\n\r\nYour handset is ready for collection. You may collect it during our visiting hours from 10:00am to 7:00pm everyday except friday.\r\n\r\nFrom \r\nAkhtaruzzaman Samsung Service Center.\r\n', '2020-10-10 18:29:52', 7, 'English'),
(93, 'celegra', '8888018407712', 'Dear Customer\r\n\r\nYour handset is ready for collection. You may collect it during our visiting hours from 10:00am to 7:00pm everyday except friday.\r\n\r\nFrom \r\nAkhtaruzzaman Samsung Service Center.\r\n', '2020-10-10 18:29:52', 7, 'English'),
(94, 'celegra', '8888018423573', 'Dear Customer\r\n\r\nYour handset is ready for collection. You may collect it during our visiting hours from 10:00am to 7:00pm everyday except friday.\r\n\r\nFrom \r\nAkhtaruzzaman Samsung Service Center.\r\n', '2020-10-10 18:29:52', 7, 'English'),
(95, 'celegra', '8888018431899', 'Dear Customer\r\n\r\nYour handset is ready for collection. You may collect it during our visiting hours from 10:00am to 7:00pm everyday except friday.\r\n\r\nFrom \r\nAkhtaruzzaman Samsung Service Center.\r\n', '2020-10-10 18:29:52', 7, 'English'),
(96, 'celegra', '8888017541140', 'Dear Customer\r\n\r\nYour handset is ready for collection. You may collect it during our visiting hours from 10:00am to 7:00pm everyday except friday.\r\n\r\nFrom \r\nAkhtaruzzaman Samsung Service Center.\r\n', '2020-10-10 18:29:53', 7, 'English'),
(97, 'celegra', '8888018305756', 'Dear Customer\r\n\r\nYour handset is ready for collection. You may collect it during our visiting hours from 10:00am to 7:00pm everyday except friday.\r\n\r\nFrom \r\nAkhtaruzzaman Samsung Service Center.\r\n', '2020-10-10 18:29:53', 7, 'English'),
(98, 'celegra', '8888018301372', 'Dear Customer\r\n\r\nYour handset is ready for collection. You may collect it during our visiting hours from 10:00am to 7:00pm everyday except friday.\r\n\r\nFrom \r\nAkhtaruzzaman Samsung Service Center.\r\n', '2020-10-10 18:29:53', 7, 'English'),
(99, 'celegra', '8888017083844', 'Dear Customer\r\n\r\nYour handset is ready for collection. You may collect it during our visiting hours from 10:00am to 7:00pm everyday except friday.\r\n\r\nFrom \r\nAkhtaruzzaman Samsung Service Center.\r\n', '2020-10-10 18:29:53', 7, 'English'),
(100, 'celegra', '8888018285644', 'Dear Customer\r\n\r\nYour handset is ready for collection. You may collect it during our visiting hours from 10:00am to 7:00pm everyday except friday.\r\n\r\nFrom \r\nAkhtaruzzaman Samsung Service Center.\r\n', '2020-10-10 18:29:53', 7, 'English'),
(101, 'celegra', '8888018752311', 'Dear Customer\r\n\r\nYour handset is ready for collection. You may collect it during our visiting hours from 10:00am to 7:00pm everyday except friday.\r\n\r\nFrom \r\nAkhtaruzzaman Samsung Service Center.\r\n', '2020-10-10 18:29:53', 7, 'English'),
(102, 'celegra', '8888018271511', 'Dear Customer\r\n\r\nYour handset is ready for collection. You may collect it during our visiting hours from 10:00am to 7:00pm everyday except friday.\r\n\r\nFrom \r\nAkhtaruzzaman Samsung Service Center.\r\n', '2020-10-10 18:29:53', 7, 'English'),
(103, 'celegra', '8888018199809', 'Dear Customer\r\n\r\nYour handset is ready for collection. You may collect it during our visiting hours from 10:00am to 7:00pm everyday except friday.\r\n\r\nFrom \r\nAkhtaruzzaman Samsung Service Center.\r\n', '2020-10-10 18:29:53', 7, 'English'),
(104, 'celegra', '8888018298377', 'Dear Customer\r\n\r\nYour handset is ready for collection. You may collect it during our visiting hours from 10:00am to 7:00pm everyday except friday.\r\n\r\nFrom \r\nAkhtaruzzaman Samsung Service Center.\r\n', '2020-10-10 18:29:53', 7, 'English'),
(105, 'celegra', '8888018244173', 'Dear Customer\r\n\r\nYour handset is ready for collection. You may collect it during our visiting hours from 10:00am to 7:00pm everyday except friday.\r\n\r\nFrom \r\nAkhtaruzzaman Samsung Service Center.\r\n', '2020-10-10 18:29:53', 7, 'English'),
(106, 'celegra', '8888018165037', 'Dear Customer\r\n\r\nYour handset is ready for collection. You may collect it during our visiting hours from 10:00am to 7:00pm everyday except friday.\r\n\r\nFrom \r\nAkhtaruzzaman Samsung Service Center.\r\n', '2020-10-10 18:29:53', 7, 'English'),
(107, 'celegra', '8888015214871', 'Dear Customer\r\n\r\nYour handset is ready for collection. You may collect it during our visiting hours from 10:00am to 7:00pm everyday except friday.\r\n\r\nFrom \r\nAkhtaruzzaman Samsung Service Center.\r\n', '2020-10-10 18:29:53', 7, 'English'),
(108, 'celegra', '8888018250706', 'Dear Customer\r\n\r\nYour handset is ready for collection. You may collect it during our visiting hours from 10:00am to 7:00pm everyday except friday.\r\n\r\nFrom \r\nAkhtaruzzaman Samsung Service Center.\r\n', '2020-10-10 18:29:53', 7, 'English'),
(109, 'celegra', '8888018602734', 'Dear Customer\r\n\r\nYour handset is ready for collection. You may collect it during our visiting hours from 10:00am to 7:00pm everyday except friday.\r\n\r\nFrom \r\nAkhtaruzzaman Samsung Service Center.\r\n', '2020-10-10 18:29:53', 7, 'English'),
(110, 'celegra', '8888017031335', 'Dear Customer\r\n\r\nYour handset is ready for collection. You may collect it during our visiting hours from 10:00am to 7:00pm everyday except friday.\r\n\r\nFrom \r\nAkhtaruzzaman Samsung Service Center.\r\n', '2020-10-10 18:29:53', 7, 'English'),
(111, 'celegra', '8888018172215', 'Dear Customer\r\n\r\nYour handset is ready for collection. You may collect it during our visiting hours from 10:00am to 7:00pm everyday except friday.\r\n\r\nFrom \r\nAkhtaruzzaman Samsung Service Center.\r\n', '2020-10-10 18:29:53', 7, 'English'),
(112, 'celegra', '8888016752180', 'Dear Customer\r\n\r\nYour handset is ready for collection. You may collect it during our visiting hours from 10:00am to 7:00pm everyday except friday.\r\n\r\nFrom \r\nAkhtaruzzaman Samsung Service Center.\r\n', '2020-10-10 18:29:53', 7, 'English'),
(113, 'celegra', '8801721566865', 'Dear Customer,\r\nYour handset is ready for collection. You may collect it during our visiting hours from 10.30 am to 7 pm every day except Tuesday.\r\nFrom: Bashundhara Samsung Service Center.\r\n', '2020-10-11 12:02:30', 1, 'English'),
(114, 'celegra', '8888017345857', 'Dear Customer,\r\nYour handset is ready for collection. You may collect it during our visiting hours from 10.30 am to 7 pm every day except Tuesday.\r\nFrom: Bashundhara Samsung Service Center.\r\n', '2020-10-11 12:02:31', 7, 'English'),
(115, 'celegra', '8888019157546', 'Dear Customer,\r\nYour handset is ready for collection. You may collect it during our visiting hours from 10.30 am to 7 pm every day except Tuesday.\r\nFrom: Bashundhara Samsung Service Center.\r\n', '2020-10-11 12:02:31', 7, 'English'),
(116, 'celegra', '8888017472266', 'Dear Customer,\r\nYour handset is ready for collection. You may collect it during our visiting hours from 10.30 am to 7 pm every day except Tuesday.\r\nFrom: Bashundhara Samsung Service Center.\r\n', '2020-10-11 12:02:31', 7, 'English'),
(117, 'celegra', '8888019114998', 'Dear Customer,\r\nYour handset is ready for collection. You may collect it during our visiting hours from 10.30 am to 7 pm every day except Tuesday.\r\nFrom: Bashundhara Samsung Service Center.\r\n', '2020-10-11 12:02:31', 7, 'English'),
(118, 'celegra', '8801706860283', 'Dear Customer\r\n\r\nYour handset is ready for collection. You may collect it during our visiting hours from 10:00am to 7:00pm everyday except friday.\r\n\r\nFrom Rajshahi Samsung Service Centre', '2020-10-11 12:36:15', 1, 'English'),
(119, 'celegra', '8888017180602', 'Dear Customer\r\n\r\nYour handset is ready for collection. You may collect it during our visiting hours from 10:00am to 7:00pm everyday except friday.\r\n\r\nFrom Rajshahi Samsung Service Centre', '2020-10-11 12:36:15', 7, 'English'),
(120, 'celegra', '8888017283252', 'Dear Customer\r\n\r\nYour handset is ready for collection. You may collect it during our visiting hours from 10:00am to 7:00pm everyday except friday.\r\n\r\nFrom Rajshahi Samsung Service Centre', '2020-10-11 12:36:15', 7, 'English'),
(121, 'celegra', '8888017877631', 'Dear Customer\r\n\r\nYour handset is ready for collection. You may collect it during our visiting hours from 10:00am to 7:00pm everyday except friday.\r\n\r\nFrom Rajshahi Samsung Service Centre', '2020-10-11 12:36:15', 7, 'English'),
(122, 'celegra', '8888017473879', 'Dear Customer\r\n\r\nYour handset is ready for collection. You may collect it during our visiting hours from 10:00am to 7:00pm everyday except friday.\r\n\r\nFrom Rajshahi Samsung Service Centre', '2020-10-11 12:36:15', 7, 'English'),
(123, 'celegra', '8888019134859', 'Dear Customer\r\n\r\nYour handset is ready for collection. You may collect it during our visiting hours from 10:00am to 7:00pm everyday except friday.\r\n\r\nFrom Rajshahi Samsung Service Centre', '2020-10-11 12:36:15', 7, 'English'),
(124, 'celegra', '8888017121903', 'Dear Customer\r\n\r\nYour handset is ready for collection. You may collect it during our visiting hours from 10:00am to 7:00pm everyday except friday.\r\n\r\nFrom Rajshahi Samsung Service Centre', '2020-10-11 12:36:15', 7, 'English'),
(125, 'celegra', '8888017063455', 'Dear Customer\r\n\r\nYour handset is ready for collection. You may collect it during our visiting hours from 10:00am to 7:00pm everyday except friday.\r\n\r\nFrom Rajshahi Samsung Service Centre', '2020-10-11 12:36:15', 7, 'English'),
(126, 'celegra', '8801911499833', 'FDSHMH', '2020-10-11 12:47:26', 3, 'English'),
(127, 'celegra', '01911499833', 'CVGCDGGD', '2020-10-11 12:48:30', 7, 'English'),
(128, 'celegra', '8801862718059', 'Dear Customer,\r\nYour handset is ready for collection. You may collect it during our visiting hours from 10.30 am to 7 pm every day except Tuesday.\r\nFrom: Bashundhara Samsung Service Center.\r\n', '2020-10-11 14:13:58', 4, 'English'),
(129, 'celegra', '8888017570491', 'Dear Customer,\r\nYour handset is ready for collection. You may collect it during our visiting hours from 10.30 am to 7 pm every day except Tuesday.\r\nFrom: Bashundhara Samsung Service Center.\r\n', '2020-10-11 14:13:58', 7, 'English'),
(130, 'celegra', '8888017366593', 'Dear Customer,\r\nYour handset is ready for collection. You may collect it during our visiting hours from 10.30 am to 7 pm every day except Tuesday.\r\nFrom: Bashundhara Samsung Service Center.\r\n', '2020-10-11 14:13:58', 7, 'English'),
(131, 'celegra', '8888014061736', 'Dear Customer,\r\nYour handset is ready for collection. You may collect it during our visiting hours from 10.30 am to 7 pm every day except Tuesday.\r\nFrom: Bashundhara Samsung Service Center.\r\n', '2020-10-11 14:13:58', 7, 'English'),
(132, 'celegra', '8888019127512', 'Dear Customer,\r\nYour handset is ready for collection. You may collect it during our visiting hours from 10.30 am to 7 pm every day except Tuesday.\r\nFrom: Bashundhara Samsung Service Center.\r\n', '2020-10-11 14:13:58', 7, 'English'),
(133, 'celegra', '8888018195434', 'Dear Customer,\r\nYour handset is ready for collection. You may collect it during our visiting hours from 10.30 am to 7 pm every day except Tuesday.\r\nFrom: Bashundhara Samsung Service Center.\r\n', '2020-10-11 14:13:58', 7, 'English'),
(134, 'celegra', '8888017345857', 'Dear Customer,\r\nYour handset is ready for collection. You may collect it during our visiting hours from 10.30 am to 7 pm every day except Tuesday.\r\nFrom: Bashundhara Samsung Service Center.\r\n', '2020-10-11 14:13:58', 7, 'English'),
(135, 'celegra', '8801674910651', 'Dear Customer,\r\nYour handset is ready for collection. You may collect it during our visiting hours from 10.30 am to 7 pm every day except Tuesday.\r\nFrom: Bashundhara Samsung Service Center.\r\n', '2020-10-11 14:18:44', 6, 'English'),
(136, 'celegra', '8888016325995', 'Dear Customer,\r\nYour handset is ready for collection. You may collect it during our visiting hours from 10.30 am to 7 pm every day except Tuesday.\r\nFrom: Bashundhara Samsung Service Center.\r\n', '2020-10-11 14:18:44', 7, 'English'),
(137, 'celegra', '8801713333299', 'test msg', '2020-10-11 14:22:02', 1, 'English'),
(138, 'celegra', '8801678170244', 'Dear Customer\r\n\r\nYour handset is ready for collection. You may collect it during our visiting hours from 10:00am to 7:00pm everyday except friday.\r\n\r\nFrom Palton Samsung Service Centre', '2020-10-11 14:39:12', 6, 'English'),
(139, 'celegra', '8888016771093', 'Dear Customer\r\n\r\nYour handset is ready for collection. You may collect it during our visiting hours from 10:00am to 7:00pm everyday except friday.\r\n\r\nFrom Palton Samsung Service Centre', '2020-10-11 14:39:12', 7, 'English'),
(140, 'celegra', '8888017901265', 'Dear Customer\r\n\r\nYour handset is ready for collection. You may collect it during our visiting hours from 10:00am to 7:00pm everyday except friday.\r\n\r\nFrom Palton Samsung Service Centre', '2020-10-11 14:39:12', 7, 'English'),
(141, 'celegra', '8888018548780', 'Dear Customer\r\n\r\nYour handset is ready for collection. You may collect it during our visiting hours from 10:00am to 7:00pm everyday except friday.\r\n\r\nFrom Palton Samsung Service Centre', '2020-10-11 14:39:12', 7, 'English'),
(142, 'celegra', '8888017112454', 'Dear Customer\r\n\r\nYour handset is ready for collection. You may collect it during our visiting hours from 10:00am to 7:00pm everyday except friday.\r\n\r\nFrom Palton Samsung Service Centre', '2020-10-11 14:39:12', 7, 'English'),
(143, 'celegra', '8888018866777', 'Dear Customer\r\n\r\nYour handset is ready for collection. You may collect it during our visiting hours from 10:00am to 7:00pm everyday except friday.\r\n\r\nFrom Palton Samsung Service Centre', '2020-10-11 14:39:12', 7, 'English'),
(144, 'celegra', '8888019135111', 'Dear Customer\r\n\r\nYour handset is ready for collection. You may collect it during our visiting hours from 10:00am to 7:00pm everyday except friday.\r\n\r\nFrom Palton Samsung Service Centre', '2020-10-11 14:39:12', 7, 'English'),
(145, 'celegra', '8888016162778', 'Dear Customer\r\n\r\nYour handset is ready for collection. You may collect it during our visiting hours from 10:00am to 7:00pm everyday except friday.\r\n\r\nFrom Palton Samsung Service Centre', '2020-10-11 14:39:12', 7, 'English'),
(146, 'celegra', '8888017594449', 'Dear Customer\r\n\r\nYour handset is ready for collection. You may collect it during our visiting hours from 10:00am to 7:00pm everyday except friday.\r\n\r\nFrom Palton Samsung Service Centre', '2020-10-11 14:39:12', 7, 'English'),
(147, 'celegra', '8888017127032', 'Dear Customer\r\n\r\nYour handset is ready for collection. You may collect it during our visiting hours from 10:00am to 7:00pm everyday except friday.\r\n\r\nFrom Palton Samsung Service Centre', '2020-10-11 14:39:12', 7, 'English'),
(148, 'celegra', '8888017057169', 'Dear Customer\r\n\r\nYour handset is ready for collection. You may collect it during our visiting hours from 10:00am to 7:00pm everyday except friday.\r\n\r\nFrom Palton Samsung Service Centre', '2020-10-11 14:39:12', 7, 'English'),
(149, 'celegra', '8888019164445', 'Dear Customer\r\n\r\nYour handset is ready for collection. You may collect it during our visiting hours from 10:00am to 7:00pm everyday except friday.\r\n\r\nFrom Palton Samsung Service Centre', '2020-10-11 14:39:12', 7, 'English'),
(150, 'celegra', '8888017365118', 'Dear Customer\r\n\r\nYour handset is ready for collection. You may collect it during our visiting hours from 10:00am to 7:00pm everyday except friday.\r\n\r\nFrom Palton Samsung Service Centre', '2020-10-11 14:39:12', 7, 'English'),
(151, 'celegra', '8888015535378', 'Dear Customer\r\n\r\nYour handset is ready for collection. You may collect it during our visiting hours from 10:00am to 7:00pm everyday except friday.\r\n\r\nFrom Palton Samsung Service Centre', '2020-10-11 14:39:12', 7, 'English');

-- --------------------------------------------------------

--
-- Table structure for table `remote_access_user`
--

CREATE TABLE IF NOT EXISTS `remote_access_user` (
  `id` bigint(20) NOT NULL,
  `u_name` varchar(20) NOT NULL,
  `u_pass` varchar(300) NOT NULL,
  `u_creator` varchar(100) NOT NULL
) ENGINE=InnoDB DEFAULT CHARSET=utf8;

-- --------------------------------------------------------

--
-- Table structure for table `sch_sms_info`
--

CREATE TABLE IF NOT EXISTS `sch_sms_info` (
  `delv_time` varchar(25) NOT NULL,
  `to` varchar(100) NOT NULL,
  `sms` varchar(200) NOT NULL,
  `admin_id` varchar(20) NOT NULL
) ENGINE=InnoDB DEFAULT CHARSET=utf8;

-- --------------------------------------------------------

--
-- Table structure for table `send_sms_log`
--

CREATE TABLE IF NOT EXISTS `send_sms_log` (
  `id` int(12) NOT NULL AUTO_INCREMENT,
  `sender` varchar(100) NOT NULL,
  `Mob_To` varchar(150) NOT NULL,
  `sms` text NOT NULL,
  `date_time` datetime NOT NULL,
  `status` int(8) NOT NULL,
  PRIMARY KEY (`id`)
) ENGINE=MyISAM DEFAULT CHARSET=latin1 AUTO_INCREMENT=1 ;

-- --------------------------------------------------------

--
-- Table structure for table `user_crdt_log`
--

CREATE TABLE IF NOT EXISTS `user_crdt_log` (
  `user_login_name` varchar(15) NOT NULL,
  `user_allocated_sms_num` int(11) NOT NULL,
  `allocation_date` varchar(25) NOT NULL
) ENGINE=MyISAM DEFAULT CHARSET=utf8;

--
-- Dumping data for table `user_crdt_log`
--

INSERT INTO `user_crdt_log` (`user_login_name`, `user_allocated_sms_num`, `allocation_date`) VALUES
('mmsl_test', 25, '11-08-06 06:08:08'),
('mmsl_test', 5, '11-08-06 06:08:06'),
('admin', 14, '11-08-04 07:08:21'),
('admin', 8600, '11-08-04 07:08:20'),
('admin', 25, '11-07-30 04:07:49'),
('mmsl_test', 25, '11-08-06 06:08:11'),
('npc', 150, '11-08-06 07:08:18'),
('test_user', 11, '11-08-08 04:08:07'),
('test_user', 11, '11-08-08 04:08:07'),
('juli123', 50, '11-08-15 08:08:31'),
('npc', 150, '11-08-22 05:08:28'),
('easia2011', 100, '11-08-23 09:08:09'),
('easia2011', 100, '11-08-23 09:08:18'),
('easia2011', 500, '11-08-26 04:08:05'),
('imdad', 300, '11-09-05 08:09:48'),
('rajib', 100, '11-09-09 08:09:16'),
('rajib', 1000, '11-09-10 09:09:15'),
('easia2011', 1000, '11-09-29 09:09:28'),
('rajib', 1094, '11-09-29 09:09:29'),
('mamshad', 10, '11-10-24 11:10:39'),
('mamshad', 1, '11-10-24 11:10:39'),
('mamshad', 1, '11-10-24 11:10:39'),
('mrmamun', 5, '11-10-29 12:10:52'),
('aamamun', 1, '11-10-29 12:10:59'),
('aamamun', 1, '11-10-29 01:10:13'),
('aamamun', 1, '11-10-29 01:10:20'),
('shibly', 123, '11-10-29 04:10:03'),
('mrmamun', 9490, '11-11-02 04:11:16'),
('mrmamun', 4, '11-11-02 04:11:16'),
('easia2011', 856, '12-01-16 05:01:37'),
('imdad', 299, '12-01-16 05:01:37'),
('sagar', 500, '13-03-07 06:03:10'),
('sagar', 50, '13-03-07 10:03:20'),
('rafiq', 50, '13-03-07 10:03:23'),
('rafiq', 20, '13-03-07 10:03:24'),
('sagar', 50, '13-03-07 10:03:37'),
('rafiq', 50, '13-03-07 10:03:37'),
('asad', 100, '13-03-10 06:03:32'),
('motin', 10, '13-03-10 06:03:45'),
('sajal', 10, '13-03-10 07:03:01'),
('motin', 10, '13-03-11 10:03:05'),
('motin', 10, '13-03-11 10:03:05'),
('sajal', 10, '13-03-11 01:03:38'),
('sajal', 10, '13-03-11 01:03:49'),
('sajal', 100, '13-03-11 03:03:02'),
('samsung', 0, '13-04-23 11:04:58'),
('samsung', 33, '13-04-23 11:04:58'),
('samsung', 52, '13-04-23 12:04:01'),
('samsung', 36, '13-04-23 03:04:11'),
('samsung', 12, '13-04-23 04:04:52'),
('samsung', 13, '13-04-23 04:04:54'),
('mobilecare', 15, '13-05-29 04:05:25'),
('', 100, '13-06-03 05:06:14'),
('', 100, '13-06-03 05:06:15'),
('samsung', 100, '13-06-03 05:06:15'),
('mobilecare', 50, '13-09-23 12:09:52'),
('ew', 9857, '15-11-05 10:11:57'),
('ew', 500, '15-11-30 02:11:39'),
('ew', 14500, '15-12-28 12:12:03'),
('ahs', 100, '16-02-02 03:02:07'),
('ahs', 123, '16-02-02 03:02:09'),
('ahs', 2000, '16-02-03 02:02:03'),
('deens', 1050, '16-03-01 03:03:49'),
('deens', 2000, '16-06-08 02:06:07'),
('deens', 1432, '16-06-21 10:06:47'),
('deens', 432, '16-06-21 10:06:48'),
('deens', 2000, '16-06-22 12:06:48'),
('deens', 5000, '16-06-29 03:06:36'),
('ew', 11529, '16-09-21 12:09:43'),
('deens', 1000, '16-11-05 02:11:44'),
('asad', 44, '16-11-05 03:11:21'),
('motin', 10, '16-11-05 03:11:21'),
('pablo', 9, '16-11-05 03:11:21'),
('rafiq', 44, '16-11-05 03:11:21'),
('saintjudes', 299, '16-11-05 03:11:21'),
('sajal', 95, '16-11-05 03:11:21'),
('ahs', 1535, '16-11-05 03:11:22'),
('deens', 500, '16-12-22 03:12:33'),
('ew', 10, '17-03-20 04:03:05'),
('deens', 16000, '17-04-06 12:04:17'),
('deens', 630, '17-04-06 08:04:33'),
('alsmani', 100, '17-07-13 01:07:06'),
('alsmani', 4900, '17-07-13 01:07:06'),
('sagar', 10000, '20-10-06 03:10:10'),
('sagar', 10000, '20-10-06 03:10:15'),
('celegra', 5000, '20-10-08 04:10:06');

-- --------------------------------------------------------

--
-- Table structure for table `user_info_cat`
--

CREATE TABLE IF NOT EXISTS `user_info_cat` (
  `user_login_name` varchar(100) NOT NULL,
  `user_login_pass` varchar(100) NOT NULL,
  `user_type` varchar(100) NOT NULL,
  `user_allocated_sms_credit` int(10) NOT NULL,
  `user_remaining_sms_credit` int(10) NOT NULL,
  `user_creation_date` varchar(100) NOT NULL,
  `user_valid_date` date NOT NULL,
  `creator_info` varchar(100) NOT NULL
) ENGINE=MyISAM DEFAULT CHARSET=latin1;

--
-- Dumping data for table `user_info_cat`
--

INSERT INTO `user_info_cat` (`user_login_name`, `user_login_pass`, `user_type`, `user_allocated_sms_credit`, `user_remaining_sms_credit`, `user_creation_date`, `user_valid_date`, `creator_info`) VALUES
('superAdmin', 'mmsladmin', '2', 195000, 200000, '11-10-29 04:10:03', '2025-12-10', 'super'),
('sagar', '123456', '1', 9979, 10000, '20-10-06 03:10:15', '2020-10-31', 'superAdmin'),
('celegra', 'cel1123', '1', 4855, 5000, '20-10-08 04:10:06', '2020-12-31', 'superAdmin');

/*!40101 SET CHARACTER_SET_CLIENT=@OLD_CHARACTER_SET_CLIENT */;
/*!40101 SET CHARACTER_SET_RESULTS=@OLD_CHARACTER_SET_RESULTS */;
/*!40101 SET COLLATION_CONNECTION=@OLD_COLLATION_CONNECTION */;
